Name,Color,Current price,Price with citilink card,Url
Ноутбук Huawei MateBook D 15,серебристый,52 999,52 899,https://www.citilink.ru/product/noutbuk-huawei-matebook-d-ryzen-5-5500u-8gb-ssd512gb-15-6-ips-fhd-w11-1774300/
Ноутбук Huawei MateBook D 16,серый,63 990,63 890,https://www.citilink.ru/product/noutbuk-huawei-matebook-i5-12500h-16gb-ssd512gb-16-ips-w11-grey-space-1774287/
Ноутбук Lenovo IP Gaming 3 15ACH6,черный,78 990,78 890,https://www.citilink.ru/product/noutbuk-lenovo-ip-gaming-3-15ach6-ryzen-5-5600h-8gb-ssd256gb-rtx-3050-1595005/
Ноутбук Acer Aspire 3 A315-23-R5B8,серебристый,40 990,40 890,https://www.citilink.ru/product/noutbuk-acer-aspire-3-a315-23-r5b8-ryzen-5-3500u-8gb-1tb-15-6-fhd-noos-1404159/
Ноутбук Lenovo IdeaPad 3 17ITL6,серый,26 990,26 890,https://www.citilink.ru/product/noutbuk-lenovo-ideapad-3-17itl6-cel-6305-4gb-ssd256gb-17-3-tn-hd-noos-1487469/
Ноутбук HP 15s-fq0082ur,серый,23 990,23 890,https://www.citilink.ru/product/noutbuk-hp-15s-fq0082ur-cel-n4020-4gb-ssd128gb-15-6-ips-fhd-dos3-0-gre-1473317/
Ноутбук Lenovo IdeaPad 3 15ITL05,серый,45 990,45 890,https://www.citilink.ru/product/noutbuk-lenovo-ideapad-3-15itl05-i3-1115g4-8gb-ssd512gb-15-6-ips-fhd-n-1492045/
Ноутбук Lenovo IdeaPad 3 15ITL05,серый,41 990,41 890,https://www.citilink.ru/product/noutbuk-lenovo-ideapad-3-15itl05-i3-1115g4-8gb-ssd256gb-15-6-ips-fhd-n-1492046/
Ноутбук Acer Aspire 3 A315-56-38MN,черный,35 990,35 890,https://www.citilink.ru/product/noutbuk-acer-aspire-3-a315-56-38mn-15-6-intel-core-i3-1005g1-1-2ggc-8g-1194671/
Ноутбук Huawei MateBook D 14,серый,49 990,49 790,https://www.citilink.ru/product/noutbuk-huawei-matebook-d-14-nbb-wai9-i5-10210u-8gb-ssd512gb-mx250-14-1559063/
Ультрабук Honor MagicBook 15,серый,69 990,69 890,https://www.citilink.ru/product/ultrabuk-honor-magicbook-15-ryzen-5-5500u-16gb-ssd512gb-15-6-ips-fhd-w-1602659/
Ноутбук Acer Aspire 1 A114-33-C767,серебристый,20 990,20 890,https://www.citilink.ru/product/noutbuk-acer-aspire-1-a114-33-c767-cel-n5100-4gb-ssd128gb-14-ips-fhd-e-1624969/
Ноутбук Digma EVE 15 P417,темно-серый,18 990,18 490,https://www.citilink.ru/product/noutbuk-digma-eve-15-p4xx-15-6-ips-intel-pentium-j3710-4gb-128gb-ssd-i-1470838/
Ноутбук HP 250 G7,темно-серебристый,22 990,22 890,https://www.citilink.ru/product/noutbuk-hp-250-g7-cel-n4020-4gb-ssd128gb-600-15-6-hd-noos-silver-1601143/
Ноутбук Acer Aspire 1 A114-33-P7VD,серебристый,22 990,22 890,https://www.citilink.ru/product/noutbuk-acer-aspire-1-a114-33-p7vd-14-intel-pentium-silver-n6000-8gb-1-1439570/
Ноутбук Acer Aspire 5 A515-45-R0KR,черный,38 990,38 890,https://www.citilink.ru/product/noutbuk-acer-aspire-5-a515-45-r0kr-ryzen-3-5300u-8gb-ssd128gb-15-6-fhd-1521493/
Ноутбук Huawei MateBook 16,серый космос,86 999,86 899,https://www.citilink.ru/product/noutbuk-huawei-matebook-16-ryzen-7-5800h-16gb-ssd512gb-16-ips-2-5k-w11-1686470/
Ноутбук Digma EVE 14 C411,темно-серый,15 990,15 890,https://www.citilink.ru/product/noutbuk-digma-eve-14-windows-14-1-ips-intel-celeron-n3350-4gb-128gb-ss-1442113/
Ноутбук Acer Aspire 3 A315-56-33X5,черный,34 990,34 890,https://www.citilink.ru/product/noutbuk-acer-aspire-3-a315-56-33x5-15-6-intel-core-i3-1005g1-1-2ggc-8g-1194672/
Ноутбук Huawei MateBook D 15,серый,37 999,37 899,https://www.citilink.ru/product/noutbuk-huawei-matebook-d-i3-1115g4-8gb-ssd256gb-15-6-ips-fhd-w11-grey-1774325/
Ноутбук Lenovo IdeaPad 3 17ITL6,серый,40 990,40 890,https://www.citilink.ru/product/noutbuk-lenovo-ideapad-3-17itl6-pg-7505-8gb-ssd256gb-17-3-tn-hd-w10-gr-1487462/
Ноутбук HP 250 G7,темно-серебристый,23 990,23 890,https://www.citilink.ru/product/noutbuk-hp-250-g7-cel-n4020-4gb-ssd256gb-600-15-6-hd-w10-silver-1601146/
Ноутбук Lenovo IdeaPad 3 17ADA05,серый,33 990,33 890,https://www.citilink.ru/product/noutbuk-lenovo-ideapad-3-17ada05-athlon-3020e-8gb-ssd256gb-17-3-tn-hd-1492776/
Ноутбук Lenovo IdeaPad 3 17ITL6,серый,38 990,38 890,https://www.citilink.ru/product/noutbuk-lenovo-ideapad-3-17itl6-pg-7505-8gb-ssd256gb-17-3-tn-hd-noos-g-1487467/
Ноутбук ASUS Vivobook Pro 14X OLED N7400PC-KM011W,серебристый,99 990,99 890,https://www.citilink.ru/product/noutbuk-asus-n7400pc-km050t-i5-11300h-16gb-ssd512gb-rtx-3050-4gb-14-ol-1523023/
Ноутбук ASUS A416EA-EB1033W,серый,27 990,27 890,https://www.citilink.ru/product/noutbuk-asus-a416ea-eb1033w-pg-7505-4gb-ssd128gb-14-ips-fhd-w11-1583735/
Ноутбук Huawei MateBook D 16,серый,72 990,72 890,https://www.citilink.ru/product/noutbuk-huawei-matebook-i7-12700h-16gb-ssd512gb-16-ips-w11-grey-space-1774284/
Ноутбук IRBIS NB NB655,серебристый,15 990,15 890,https://www.citilink.ru/product/noutbuk-irbis-nb-nb655-pen-j3710-4gb-emmc128gb-13-5-ips-3k-w10pro-silv-1512589/
Ноутбук HP 240 G8,черный,18 990,18 890,https://www.citilink.ru/product/noutbuk-hp-240-g8-cel-n4020-4gb-500gb-14-sva-hd-dos3-0-1478497/
Ноутбук Acer Aspire 3 A315-23-R55F,черный,43 990,43 890,https://www.citilink.ru/product/noutbuk-acer-aspire-3-a315-23-r55f-ryzen-5-3500u-8gb-ssd256gb-vega-8-1-1372513/
Ноутбук MSI Sword 15 A11UE-212XRU,белый,106 990,106 890,https://www.citilink.ru/product/noutbuk-msi-sword-15-a11ue-i5-11400h-8gb-ssd512gb-rtx-3060-6gb-15-6-ip-1522761/
Ноутбук ASUS A416JA-EB1185,серый,43 990,43 890,https://www.citilink.ru/product/noutbuk-asus-a416ja-eb1185-i5-1035g1-8gb-ssd256gb-14-ips-fhd-noos-1583737/
Ноутбук Lenovo IdeaPad 3 17ITL6,серый,25 990,25 890,https://www.citilink.ru/product/noutbuk-lenovo-ideapad-3-17itl6-cel-6305-4gb-ssd128gb-17-3-tn-hd-w10-g-1487473/
Ноутбук Huawei MateBook D 15,серый,94 990,94 890,https://www.citilink.ru/product/noutbuk-huawei-matebook-d-15-i7-1165g7-16gb-ssd512gb-15-6-ips-fhd-w11-1686498/
Ноутбук Acer Aspire 3 A315-23-R5HA,черный,34 990,34 890,https://www.citilink.ru/product/noutbuk-acer-aspire-3-a315-23-r5ha-ryzen-3-3250u-8gb-ssd128gb-15-6-fhd-1404134/
Ноутбук ASUS Vivobook Pro 14 OLED K3400PA-KM047W,синий,78 990,78 890,https://www.citilink.ru/product/noutbuk-asus-k3400pa-km047w-i5-11300h-16gb-ssd512gb-14-oled-wq-w11-1583780/
Ноутбук ASUS Vivobook Go 15 E510MA-BQ509W,синий,22 990,22 890,https://www.citilink.ru/product/noutbuk-asus-vivobook-e510ma-bq509w-cel-n4020-4gb-ssd128gb-15-6-ips-fh-1583406/
Ноутбук HAIER U1520HD,черный,18 990,18 890,https://www.citilink.ru/product/noutbuk-haier-u1520hd-cel-n4020-4gb-1tb-emmc64gb-600-15-6-ips-fhd-dos-1611418/
Ноутбук IRBIS NB NB510,черный,34 990,34 890,https://www.citilink.ru/product/noutbuk-irbis-nb-nb510-i3-5005u-8gb-ssd256gb-5500-15-6-ips-fhd-w10h-si-1616485/
Ноутбук Lenovo Thinkbook 15 G3 ACL,серый,42 990,42 890,https://www.citilink.ru/product/noutbuk-lenovo-thinkbook-15-g3-acl-ryzen-3-5300u-4gb-ssd256gb-15-6-fhd-1487958/
Ноутбук HP 245 G8,темно-серебристый,24 990,24 890,https://www.citilink.ru/product/noutbuk-hp-245-g8-14-amd-athlon-silver-3050u-4gb-256gb-ssd-windows-10-1477004/
Ноутбук Acer Aspire 5 A515-45-R1K6,серебристый,39 990,39 890,https://www.citilink.ru/product/noutbuk-acer-aspire-5-a515-45-r1k6-ryzen-3-5300u-8gb-ssd128gb-15-6-fhd-1521421/
Ноутбук IRBIS NB NB656,черный,14 990,14 890,https://www.citilink.ru/product/noutbuk-irbis-nb-nb656-pen-j3710-4gb-13-5-ips-w10pro-silver-5000mah-1598740/
Ноутбук ASUS Vivobook Pro 16X OLED N7600PC-L2048W,серый,113 990,113 890,https://www.citilink.ru/product/noutbuk-asus-n7600pc-l2048w-i5-11300h-16gb-ssd512gb-rtx-3050-4gb-16-ol-1583147/
Ноутбук IRBIS NB NB73,белый,13 990,13 890,https://www.citilink.ru/product/noutbuk-irbis-nb-nb73-atom-x5-j3455-4gb-ssd64gb-13-3-ips-touch-fhd-w10-1496742/
Ноутбук HP 14s-fq0094ur,черный,29 990,29 890,https://www.citilink.ru/product/noutbuk-hp-14s-fq0094ur-ryzen-3-3250u-4gb-ssd128gb-14-ips-fhd-w10-blac-1473255/
Ноутбук Lenovo IdeaPad 3 17ITL6,синий,40 990,40 890,https://www.citilink.ru/product/noutbuk-lenovo-ideapad-3-17itl6-pg-7505-8gb-ssd256gb-17-3-tn-hd-w10-bl-1487445/
Ноутбук ASUS Vivobook Pro 15 OLED K3500PA-L1091W,синий,79 990,79 890,https://www.citilink.ru/product/noutbuk-asus-vivobook-pro-k3500pa-l1091w-i5-11300h-16gb-ssd512gb-15-6-1651630/
Ноутбук Acer Aspire 3 A315-56-50Z5,черный,44 990,44 890,https://www.citilink.ru/product/noutbuk-acer-aspire-3-a315-56-50z5-15-6-intel-core-i5-1035g1-1ggc-8gb-1194682/
Ноутбук HP 15s-eq1332ur,серый,23 990,23 890,https://www.citilink.ru/product/noutbuk-hp-15s-eq1332ur-athlon-3020e-4gb-ssd128gb-15-6-ips-fhd-w10-gre-1473416/
Ноутбук Acer Aspire 3 A315-23-R2QK,серебристый,34 990,34 890,https://www.citilink.ru/product/noutbuk-acer-aspire-3-a315-23-r2qk-ryzen-3-3250u-8gb-ssd128gb-15-6-fhd-1404135/
Ноутбук Acer Aspire 5 A514-54-31W4,черный,44 990,44 890,https://www.citilink.ru/product/noutbuk-acer-aspire-5-a514-54-31w4-i3-1115g4-8gb-1tb-ssd128gb-14-ips-f-1521009/
Ноутбук ASUS L210MA-GJ243T,синий,20 990,20 890,https://www.citilink.ru/product/noutbuk-asus-l210ma-gj243t-cel-n4020-4gb-ssd128gb-11-6-hd-w10-1579467/
Ноутбук HP 15s-fq0081ur,серый,23 990,23 890,https://www.citilink.ru/product/noutbuk-hp-15s-fq0081ur-cel-n4020-4gb-ssd128gb-15-6-ips-fhd-w10-grey-1473320/
Ноутбук Lenovo IdeaPad 3 17ADA05,серый,33 990,33 890,https://www.citilink.ru/product/noutbuk-lenovo-ideapad-3-17ada05-ath-gl-3150u-4gb-ssd256gb-17-3-tn-hd-1487557/
Ноутбук Lenovo IP Gaming 3 15ACH6,черный,89 990,89 890,https://www.citilink.ru/product/noutbuk-lenovo-ip-gaming-3-15ach6-ryzen-5-5600h-8gb-ssd512gb-rtx-3050-1490178/
Ноутбук ASUS Vivobook Go 15 E510KA-BQ098T,черный,27 990,27 890,https://www.citilink.ru/product/noutbuk-asus-e510ka-bq098t-pen-n6000-4gb-ssd128gb-15-6-ips-fhd-w10-bla-1561845/
Ноутбук IRBIS NB NB701,черный,18 990,18 890,https://www.citilink.ru/product/noutbuk-irbis-nb-nb701-cel-n4020-4gb-128gb-17-3-tn-hd-w10pro-black-400-1607641/
Ноутбук HP 255 G8,темно-серебристый,27 990,27 890,https://www.citilink.ru/product/noutbuk-hp-255-g8-athlon-3050u-4gb-ssd128gb-15-6-fhd-w10pro64-1490205/
Ноутбук ASUS Vivobook Go 14 E410KA-EB165T,синий,25 990,25 890,https://www.citilink.ru/product/noutbuk-asus-e410ka-eb165t-pen-n6000-4gb-ssd128gb-14-fhd-w10-blue-1561877/
Ноутбук Lenovo IdeaPad 3 17ADA05,серый,37 990,37 890,https://www.citilink.ru/product/noutbuk-lenovo-ideapad-3-17ada05-athlon-3020e-8gb-ssd256gb-17-3-tn-hd-1492779/
Ноутбук MSI GF63 Thin 11UC-622RU,черный,89 990,89 890,https://www.citilink.ru/product/noutbuk-msi-gf63-thin-11uc-i5-11400h-16gb-ssd512gb-rtx-3050-4gb-15-6-i-1649504/
Ультрабук Honor MagicBook 15,серебристый,64 990,64 890,https://www.citilink.ru/product/ultrabuk-honor-magicbook-15-ryzen-5-5500u-8gb-ssd512gb-15-6-ips-fhd-w1-1635680/
Ноутбук MSI Pulse GL76 11UDK-237XRU,серый,96 490,96 390,https://www.citilink.ru/product/noutbuk-msi-pulse-gl76-11udk-i5-11400h-8gb-ssd512gb-rtx-3050-ti-4gb-17-1525982/
Ноутбук Acer Aspire 1 A115-32-C8RY,серебристый,25 990,25 890,https://www.citilink.ru/product/noutbuk-acer-aspire-1-a115-32-c8ry-cel-n4500-8gb-emmc128gb-15-6-fhd-es-1521981/
Ноутбук Lenovo IdeaPad 3 17ITL6,серый,27 990,27 890,https://www.citilink.ru/product/noutbuk-lenovo-ideapad-3-17itl6-cel-6305-4gb-ssd256gb-17-3-tn-hd-w10-g-1492780/
Ноутбук Acer Aspire 3 A315-56-3252,черный,33 990,33 890,https://www.citilink.ru/product/noutbuk-acer-aspire-3-a315-56-3252-i3-1005g1-4gb-ssd128gb-15-6-tn-fhd-1685548/
Ноутбук Acer Aspire 3 A315-56-53W1,черный,45 990,45 890,https://www.citilink.ru/product/noutbuk-acer-aspire-3-a315-56-53w1-15-6-intel-core-i5-1035g1-1ggc-8gb-1194679/
Ноутбук ASUS Vivobook Go 14 E410MA-BV1516,черный,24 990,24 890,https://www.citilink.ru/product/noutbuk-asus-vivobook-e410ma-bv1516-pen-n5030-4gb-ssd256gb-14-tn-hd-no-1583400/
Ноутбук HP 255 G8,темно-серебристый,29 990,29 890,https://www.citilink.ru/product/noutbuk-hp-255-g8-athlon-3150u-4gb-ssd128gb-15-6-fhd-w10pro64-1490260/
Ноутбук ASUS Zenbook Pro 15 OLED UX535LI-H2346T,серый,109 990,109 890,https://www.citilink.ru/product/noutbuk-asus-ux535li-h2346t-i5-10300h-16gb-ssd512gb-gtx-1650-ti-4gb-15-1583796/
Ноутбук Lenovo IdeaPad 3 14ITL6,синий,45 990,45 890,https://www.citilink.ru/product/noutbuk-lenovo-ideapad-3-14itl6-i3-1115g4-8gb-ssd512gb-14-ips-fhd-w11-1636469/
Ноутбук Acer Aspire 1 A114-33-P9R1,серебристый,23 990,23 890,https://www.citilink.ru/product/noutbuk-acer-aspire-1-a114-33-p9r1-pen-n6000-4gb-ssd128gb-14-ips-fhd-w-1624970/
Ноутбук Acer Aspire 3 A314-22-R7SR,черный,29 990,29 890,https://www.citilink.ru/product/noutbuk-acer-aspire-3-a314-22-r7sr-ryzen-3-3250u-4gb-ssd128gb-14-fhd-w-1372374/
Ноутбук Acer Aspire 3 A315-23-R2U8,черный,29 990,29 890,https://www.citilink.ru/product/noutbuk-acer-aspire-3-a315-23-r2u8-ryzen-3-3250u-4gb-ssd128gb-15-6-fhd-1372483/
Ноутбук Acer Aspire 5 A515-45-R4FZ,черный,50 990,50 890,https://www.citilink.ru/product/noutbuk-acer-aspire-5-a515-45-r4fz-ryzen-5-5500u-8gb-ssd128gb-15-6-ips-1521509/
Ноутбук IRBIS NB NB69,серебристый,11 990,11 890,https://www.citilink.ru/product/noutbuk-irbis-nb-nb69-atom-z3735f-2gb-ssd32gb-13-3-ips-touch-fhd-w10-w-1499216/
Ноутбук Digma EVE 10 A201,черный,9990,9890,https://www.citilink.ru/product/noutbuk-digma-eve-10ka-windows-10-1-ips-intel-atom-x5-z8350-2gb-64gb-s-1442097/
Ноутбук Lenovo IdeaPad 1 14IGL05,серый,23 990,23 890,https://www.citilink.ru/product/noutbuk-lenovo-ideapad-1-14igl05-cel-n4020-4gb-ssd128gb-14-ips-fhd-w10-1601156/
Ноутбук Acer Aspire 3 A315-23-R6JR,черный,40 990,40 790,https://www.citilink.ru/product/noutbuk-acer-aspire-3-a315-23-r6jr-ryzen-5-3500u-8gb-1tb-ssd256gb-vega-1688038/
Ноутбук ASUS Vivobook Go 15 E510MA-BQ860W,синий,25 990,25 890,https://www.citilink.ru/product/noutbuk-asus-vivobook-e510ma-bq860w-pen-n5030-4gb-ssd128gb-15-6-ips-fh-1583412/
Ноутбук ASUS Vivobook Go 14 E410MA-EK1327W,черный,21 990,21 890,https://www.citilink.ru/product/noutbuk-asus-vivobook-e410ma-ek1327w-cel-n4020-4gb-ssd128gb-14-tn-fhd-1583392/
Ноутбук Lenovo IdeaPad 3 15ADA05,серый,27 990,27 890,https://www.citilink.ru/product/noutbuk-lenovo-ideapad-3-15ada05-3020e-4gb-ssd256gb-15-6-ips-fhd-dos-g-1521606/
Ноутбук ASUS Vivobook Go 15 E510KA-BQ111T,синий,23 990,23 890,https://www.citilink.ru/product/noutbuk-asus-e510ka-bq111t-cel-n4500-4gb-ssd128gb-15-6-ips-fhd-w10-blu-1561875/
Ноутбук HP 14s-dq3002ur,черный,23 990,23 890,https://www.citilink.ru/product/noutbuk-hp-14s-dq3002ur-cel-n4500-4gb-ssd128gb-14-sva-hd-w10-black-1473921/
Ноутбук IRBIS NB NB703,белый,21 990,21 890,https://www.citilink.ru/product/noutbuk-irbis-nb-nb703-pen-j3710-4gb-emmc128gb-600-17-3-tn-hd-w10pro-b-1655880/
Ноутбук Digma EVE 11 C422,черный,13 990,13 890,https://www.citilink.ru/product/noutbuk-digma-eve-cel-j4005-4gb-ssd64gb-500-11-6-ips-hd-w10hsl64-black-1497616/
Ноутбук Lenovo IdeaPad 3 15ITL05,синий,59 990,59 890,https://www.citilink.ru/product/noutbuk-lenovo-ideapad-3-15itl05-i5-1135g7-8gb-ssd512gb-15-6-ips-fhd-w-1492062/
Ноутбук ASUS A516EA-EJ1572W,серебристый,30 990,30 890,https://www.citilink.ru/product/noutbuk-asus-a516ea-ej1572w-pg-7505-4gb-ssd128gb-15-6-tn-fhd-w11-1583752/
Ноутбук Acer Aspire 3 A315-56-513B,черный,44 990,44 890,https://www.citilink.ru/product/noutbuk-acer-aspire-3-a315-56-513b-i5-1035g1-8gb-ssd128gb-15-6-tn-fhd-1678702/
Ноутбук ASUS Vivobook Pro 16X OLED N7600PC-L2014W,серебристый,127 990,127 890,https://www.citilink.ru/product/noutbuk-asus-n7600pc-0007-i5-11300h-16gb-ssd512gb-rtx-3050-4gb-16-oled-1523024/
Ноутбук Lenovo IdeaPad 3 17ADA05,серый,28 990,28 890,https://www.citilink.ru/product/noutbuk-lenovo-ideapad-3-17ada05-ath-gl-3150u-4gb-ssd128gb-17-3-tn-hd-1487559/
Ноутбук Acer Aspire 3 A315-23-R00X,черный,35 990,35 890,https://www.citilink.ru/product/noutbuk-acer-aspire-3-a315-23-r00x-ryzen-3-3250u-8gb-1tb-15-6-fhd-noos-1404142/
Ноутбук Acer Aspire 3 A315-23-R6QY,серебристый,35 990,35 890,https://www.citilink.ru/product/noutbuk-acer-aspire-3-a315-23-r6qy-ryzen-3-3250u-8gb-1tb-15-6-fhd-noos-1404143/
Ноутбук HP 17-cp0136ur,серебристый,74 990,74 890,https://www.citilink.ru/product/noutbuk-hp-17-cp0136ur-ryzen-5-5500u-16gb-ssd512gb-17-3-ips-fhd-noos-s-1744943/
Ноутбук ARK Jumper EZbook S5,серебристый,14 990,14 890,https://www.citilink.ru/product/noutbuk-ark-ezbook-s5-cel-n3350-6gb-emmc64gb-14-fhd-w10-silver-1489537/
Ноутбук ASUS A416JA-EB1185W,серый,49 990,49 890,https://www.citilink.ru/product/noutbuk-asus-a416ja-eb1185w-i5-1035g1-8gb-ssd256gb-14-ips-fhd-w11-1583736/
Ноутбук Acer Aspire 3 A314-22-R317,черный,36 990,36 890,https://www.citilink.ru/product/noutbuk-acer-aspire-3-a314-22-r317-14-amd-ryzen-3-3250u-8gb-1000gb-amd-1438025/
Ноутбук Lenovo IdeaPad 3 15ADA05,серый,24 990,24 890,https://www.citilink.ru/product/noutbuk-lenovo-ideapad-ip3-15ada05-athlon-3020e-4gb-ssd128gb-15-6-tn-f-1408522/
Ноутбук Acer Aspire 3 A315-23-R2ZG,черный,34 990,34 890,https://www.citilink.ru/product/noutbuk-acer-aspire-3-a315-23-r2zg-ryzen-3-3250u-8gb-500gb-15-6-fhd-no-1404140/
Ноутбук CHUWI Corebook X 14/8/512,серый,32 990,32 890,https://www.citilink.ru/product/noutbuk-chuwi-corebook-x-i3-10110u-8gb-ssd512gb-14-2k-w11h-1775350/
Ноутбук Lenovo IdeaPad 3 14IIL05,синий,35 990,35 890,https://www.citilink.ru/product/noutbuk-lenovo-ideapad-3-14iil05-i3-1005g1-4gb-ssd128gb-14-ips-fhd-w10-1480079/
Ноутбук HP 15s-eq1382ur,черный,31 990,31 890,https://www.citilink.ru/product/noutbuk-hp-15s-eq1382ur-ryzen-3-3250u-4gb-ssd128gb-15-6-sva-fhd-w10-bl-1550060/
Ноутбук Acer Aspire 3 A315-56-523A,черный,47 990,47 890,https://www.citilink.ru/product/noutbuk-acer-aspire-3-a315-56-523a-15-6-intel-core-i5-1035g1-1-0ggc-8g-1194683/
Ноутбук HP 15s-eq1129ur,серый,27 990,27 890,https://www.citilink.ru/product/noutbuk-hp-15s-eq1129ur-3020e-4gb-ssd256gb-15-6-ips-fhd-dos-grey-1627554/
Ноутбук MSI Pulse GL76 11UCK-247RU,серый,113 990,113 890,https://www.citilink.ru/product/noutbuk-msi-pulse-gl76-11uck-i5-11400h-8gb-ssd512gb-rtx-3050-4gb-17-3-1525968/
Ноутбук ASUS X515JF-BR241T,серый,37 990,37 790,https://www.citilink.ru/product/noutbuk-asus-x515jf-br241t-pen-6805-4gb-ssd128gb-mx130-2gb-15-6-tn-hd-1564799/
Ноутбук Acer Aspire 1 A115-32-C7FK,серебристый,22 990,22 890,https://www.citilink.ru/product/noutbuk-acer-aspire-1-a115-32-c7fk-15-6-intel-celeron-n4500-4gb-128gb-1439506/
Ноутбук IRBIS NB NB615,черный,38 990,38 940,https://www.citilink.ru/product/noutbuk-irbis-nb-nb615-i3-1005g1-16gb-1tb-ssd128gb-15-6-ips-fhd-w10-bl-1561503/
Ноутбук Acer Aspire 5 A515-45-R72B,серебристый,52 990,52 890,https://www.citilink.ru/product/noutbuk-acer-aspire-5-a515-45-r72b-ryzen-5-5500u-8gb-ssd512gb-15-6-ips-1521433/
Ноутбук CHUWI Corebook X 14/16/512,серый,36 990,36 890,https://www.citilink.ru/product/noutbuk-chuwi-corebook-x-i3-10110u-16gb-ssd512gb-14-ips-2k-w11h-1775351/
Ноутбук Acer Aspire 5 A515-45-R9CK,серебристый,54 990,54 890,https://www.citilink.ru/product/noutbuk-acer-aspire-5-a515-45-r9ck-i7-5500u-8gb-ssd128gb-15-6-ips-fhd-1521436/
Ноутбук-трансформер IRBIS NB NB119 YOGA,черный,15 990,15 890,https://www.citilink.ru/product/noutbuk-irbis-nb-nb119-cel-n3350-4gb-emmc64gb-11-6-ips-touch-hd-w10h-b-1512569/
Ноутбук iRU Калибр 15Y,черный,47 990,47 890,https://www.citilink.ru/product/noutbuk-iru-kalibr-15y-i7-8550u-16gb-ssd500gb-620-15-6-fhd-dos-black-1657837/
Ноутбук MSI Pulse GL76 11UDK-235RU,серый,105 490,105 390,https://www.citilink.ru/product/noutbuk-msi-pulse-gl76-11udk-i5-11400h-8gb-ssd512gb-rtx-3050-ti-4gb-17-1525980/
Ноутбук ASUS TUF Gaming Dash FX516PC-HN107,серый,92 990,92 890,https://www.citilink.ru/product/noutbuk-asus-tuf-dash-fx516pc-hn107-i5-11300h-16gb-ssd512gb-rtx-3050-4-1742392/
Ноутбук Acer Aspire 5 A515-45-R1NJ,черный,50 990,50 890,https://www.citilink.ru/product/noutbuk-acer-aspire-5-a515-45-r1nj-ryzen-5-5500u-8gb-ssd512gb-15-6-ips-1521508/
Ноутбук Acer Nitro 5 AN515-57-51GK,черный,99 990,99 890,https://www.citilink.ru/product/noutbuk-acer-aspire-an515-57-51gk-i5-11400h-16gb-ssd512gb-rtx-3050-ti-1618861/
Ноутбук ASUS TUF Gaming A15 FA506IC-HN042W,серый,85 990,85 890,https://www.citilink.ru/product/noutbuk-asus-tuf-gaming-fa506ic-hn042w-ryzen-5-4600h-8gb-ssd512gb-rtx-1654771/
Ноутбук Acer Aspire 5 A515-45-R5K7,черный,46 990,46 890,https://www.citilink.ru/product/noutbuk-acer-aspire-5-a515-45-r5k7-ryzen-5-5500u-8gb-ssd128gb-15-6-ips-1521505/
Ноутбук Prestigio SmartBook 133C4,темно-серый,21 990,21 890,https://www.citilink.ru/product/noutbuk-prestigio-smartbook-133c4-14-1-amd-a4-9120e-4gb-64gb-ssd-amd-r-1485938/
Ноутбук Acer Extensa 15 EX215-22-R7EK,черный,42 050,41 020,https://www.citilink.ru/product/noutbuk-acer-extensa-15-ex215-22-r7ek-ryzen-3-3250u-4gb-ssd128gb-15-6-1843512/
Ноутбук Huawei MateBook D 14,серый,78 180,76 260,https://www.citilink.ru/product/noutbuk-huawei-matebook-d-ryzen-5-5500u-8gb-ssd512gb-14-ips-fhd-window-1840848/
Ноутбук iRU Калибр 15Y,черный,68 320,66 630,https://www.citilink.ru/product/noutbuk-iru-kalibr-15y-i7-8550u-8gb-ssd256gb-620-15-6-ips-fhd-w11pro64-1827524/
Ноутбук HP 240 G8,черный,68 100,66 420,https://www.citilink.ru/product/noutbuk-hp-240-g8-i3-1005g1-8gb-ssd256gb-14-fhd-w10pro64-1808273/
Ноутбук Acer Extensa 15 EX215-54,черный,45 930,44 800,https://www.citilink.ru/product/noutbuk-acer-extensa-15-ex215-54-i3-1115g4-4gb-ssd256gb-15-6-ips-fhd-n-1793467/
Ноутбук Acer Aspire 5 A515-56,черный,50 990,49 730,https://www.citilink.ru/product/noutbuk-acer-aspire-5-a515-56-i3-1115g4-8gb-ssd256gb-15-6-ips-fhd-noos-1793459/
Ноутбук Lenovo IP Gaming 3 15ACH6,черный,135 430,132 840,https://www.citilink.ru/product/noutbuk-lenovo-ip-gaming-3-15ach6-ryzen-7-5800h-16gb-ssd512gb-rtx-3060-1789286/
Ноутбук HP 250 G8,темно-серебристый,27 990,27 890,https://www.citilink.ru/product/noutbuk-hp-250-g8-cel-n4020-4gb-ssd256gb-15-6-sva-hd-free-dos-3-0-1840654/
Ноутбук HP 255 G8,темно-серебристый,31 990,31 890,https://www.citilink.ru/product/noutbuk-hp-255-g8-3020e-8gb-ssd256gb-15-6-fhd-free-dos-1840576/
Ноутбук HP 250 G8,серебристый,48 990,48 890,https://www.citilink.ru/product/noutbuk-hp-250-g8-i3-1005g1-8gb-ssd512gb-15-6-noos-1840573/
Ноутбук HP 250 G8,темно-серебристый,33 840,33 010,https://www.citilink.ru/product/noutbuk-hp-250-g8-cel-n4020-4gb-1tb-15-6-hd-noos-1840570/
Ноутбук HP 255 G8,темно-серебристый,31 990,31 890,https://www.citilink.ru/product/noutbuk-hp-255-g8-3020e-8gb-ssd256gb-15-6-ips-fhd-free-dos-3-0-1840567/
Ноутбук HP 255 G8,34P77ES,55 990,55 890,https://www.citilink.ru/product/noutbuk-hp-255-g8-ryzen-5-3500u-8gb-ssd256gb-15-6-noos-1840554/
Ноутбук Lenovo IdeaPad 3 17ITL6,серый,48 940,47 740,https://www.citilink.ru/product/noutbuk-lenovo-ip3-17itl6-pg-7505-8gb-ssd256gb-17-3-ips-fhd-noos-grey-1829890/
Ноутбук Lenovo IdeaPad 3 15ITL6,серый,66 790,65 430,https://www.citilink.ru/product/noutbuk-lenovo-ip3-15itl6-i5-1135g7-8gb-ssd512gb-15-6-ips-fhd-noos-gre-1829889/
Ноутбук Lenovo IdeaPad 3 15ITL6,серый,50 600,49 960,https://www.citilink.ru/product/noutbuk-lenovo-ip3-15itl6-i3-1115g4-8gb-ssd512gb-15-6-ips-fhd-noos-gre-1829885/
Ноутбук Lenovo IdeaPad 3 15ITL6,серый,42 900,42 110,https://www.citilink.ru/product/noutbuk-lenovo-ip3-15itl6-pg-7505-8gb-ssd256gb-15-6-ips-fhd-noos-grey-1829880/
Ноутбук Lenovo IP Gaming 3 15ACH6,черный,106 500,105 290,https://www.citilink.ru/product/noutbuk-lenovo-ip-gaming-3-15ach6-ryzen-5-5600h-16gb-ssd512gb-rtx-3050-1793453/
Ноутбук Lenovo IdeaPad 3 15ALC6,серый,60 820,59 930,https://www.citilink.ru/product/noutbuk-lenovo-ideapad-3-15alc6-ryzen-5-5500u-8gb-1tb-ssd128gb-15-6-ip-1793437/
Ноутбук Lenovo IdeaPad 3 15ITL6,серый,74 360,72 530,https://www.citilink.ru/product/noutbuk-lenovo-ideapad-3-15itl6-i5-1135g7-8gb-ssd256gb-mx350-2gb-15-6-1793428/
Ноутбук Lenovo IP Gaming 3 15IHU6,черный,116 100,113 970,https://www.citilink.ru/product/noutbuk-lenovo-ip-gaming-3-15ihu6-i7-11370h-8gb-ssd512gb-rtx-3050-4gb-1793413/
Ноутбук Lenovo IdeaPad 3 15ITL6,серый,40 700,40 440,https://www.citilink.ru/product/noutbuk-lenovo-ideapad-3-15itl6-pg-7505-4gb-ssd256gb-15-6-fhd-noos-gre-1487450/
Ноутбук ASUS VivoBook X515JA-BQ2527,серебристый,69 990,69 890,https://www.citilink.ru/product/noutbuk-asus-vivobook-x515ja-bq2527-i7-1065g7-8gb-ssd256gb-15-6-ips-fh-1840552/
Ноутбук ASUS VivoBook X415JF-BV131,серебристый,35 990,35 890,https://www.citilink.ru/product/noutbuk-asus-x415jf-bv131-pen-6805-8gb-ssd256gb-mx130-2gb-14-hd-endles-1840547/
Ноутбук ASUS Zenbook UX393EA-HK003T,черный,155 400,153 640,https://www.citilink.ru/product/noutbuk-asus-zenbook-ux393ea-hk003t-i7-1165g7-16gb-ssd512gb-13-9-ips-t-1840543/
Ноутбук ASUS Zenbook UM425UA-AM297,светло-фиолетовый,86 000,85 040,https://www.citilink.ru/product/noutbuk-asus-um425ua-am297-ryzen-5-5500u-16gb-ssd512gb-r5-14-ips-fhd-n-1840542/
Ноутбук ASUS Vivobook Pro 14 OLED M3401QA-KM113,серебристый,70 800,70 480,https://www.citilink.ru/product/noutbuk-asus-vivobook-pro-90nb0vz3-m002v0-ryzen-5-5600h-8gb-ssd256gb-1-1840541/
Ноутбук ASUS Vivobook Pro 14 OLED M3401QA-KM112,синий,67 990,67 890,https://www.citilink.ru/product/noutbuk-asus-vivobook-pro-m3401qa-km112-ryzen-5-5600h-8gb-ssd256gb-14-1840540/
Ноутбук ASUS Vivobook Pro 14 OLED M3401QA-KM015T,синий,94 990,94 890,https://www.citilink.ru/product/noutbuk-asus-vivobook-pro-m3401qa-km015t-ryzen-7-5800h-16gb-ssd512gb-1-1840539/
Ультрабук Acer Swift 3 SF314-511-56LM,серебристый,71 920,70 150,https://www.citilink.ru/product/ultrabuk-acer-swift-3-sf314-511-56lm-i5-1135g7-8gb-ssd256gb-14-ips-fhd-1840538/
Ультрабук Acer Swift 3 SF314-511-5313,серебристый,75 770,73 900,https://www.citilink.ru/product/ultrabuk-acer-swift-3-sf314-511-5313-i5-1135g7-8gb-ssd512gb-14-ips-fhd-1840537/
Ноутбук ASUS VivoBook 15 OLED K513EA-L11950,черный,95 900,95 030,https://www.citilink.ru/product/noutbuk-asus-vivobook-k513ea-l11950-i5-1135g7-16gb-ssd512gb-15-6-oled-1840056/
Ноутбук-трансформер ASUS ZenBook Flip 13 UX363EA-HP701W,серый,129 900,128 280,https://www.citilink.ru/product/transformer-asus-zenbook-flip-ux363ea-hp701w-i7-1165g7-16gb-ssd512gb-1-1835857/
Ультрабук Acer Swift 3 SF314-511-31N2,серебристый,60 950,59 450,https://www.citilink.ru/product/ultrabuk-acer-swift-3-sf314-511-i3-1115g4-8gb-ssd256gb-14-ips-fhd-esh-1829295/
Ноутбук ASUS VivoBook X515JA-EJ2528,серебристый,67 990,67 890,https://www.citilink.ru/product/noutbuk-asus-x515ja-ej2528-i7-1065g7-8gb-ssd256gb-15-6-fhd-noos-silver-1790298/
Ультрабук Lenovo Yoga Slim7 Pro 14ACH5,серый,136 000,133 390,https://www.citilink.ru/product/ultrabuk-lenovo-yoga-slim7-pro-14ach5-ryzen-7-5800hs-16gb-ssd1tb-mx450-1789385/
Ультрабук Lenovo Yoga Slim7 Pro 14ACH5,серебристый,103 400,101 510,https://www.citilink.ru/product/ultrabuk-lenovo-yoga-slim7-pro-14ach5-ryzen-5-5600h-8gb-ssd512gb-mx450-1789350/
Ноутбук Lenovo IP Gaming 3 15IHU6,черный,113 990,113 890,https://www.citilink.ru/product/noutbuk-lenovo-ip-gaming-3-15ihu6-i7-11370h-16gb-1tb-ssd256gb-rtx-3050-1789330/
Ноутбук Lenovo Legion 5 15ITH6,темно-синий,132 900,130 410,https://www.citilink.ru/product/noutbuk-lenovo-legion-5-15ith6-i5-11400h-16gb-ssd512gb-rtx-3050-ti-4gb-1789304/
Ноутбук Lenovo V15-IIL,серый,64 900,64 230,https://www.citilink.ru/product/noutbuk-lenovo-v15-iil-i5-1035g1-8gb-ssd512gb-15-6-tn-fhd-noos-grey-1789293/
Ноутбук Lenovo IP Gaming 3 15ACH6,черный,95 990,95 890,https://www.citilink.ru/product/noutbuk-lenovo-ip-gaming-3-15ach6-ryzen-5-5600h-8gb-ssd512gb-rtx-3050-1789282/
Ноутбук Lenovo IdeaPad L3 15ITL6,серый,69 900,68 780,https://www.citilink.ru/product/noutbuk-lenovo-ideapad-l3-15itl6-i5-1135g7-8gb-ssd512gb-15-6-ips-fhd-n-1789272/
Ноутбук Lenovo IdeaPad 3 15ITL6,серый,41 990,41 890,https://www.citilink.ru/product/noutbuk-lenovo-ideapad-3-15itl6-i3-1115g4-4gb-ssd256gb-15-6-ips-fhd-no-1789270/
Ноутбук Lenovo IdeaPad 3 15ITL6,серый,66 990,66 890,https://www.citilink.ru/product/noutbuk-lenovo-ideapad-3-15itl6-i5-1135g7-8gb-ssd512gb-mx350-2gb-15-6-1789263/
Ноутбук HP 250 G8,серебристый,76 990,76 890,https://www.citilink.ru/product/noutbuk-hp-250-g8-i7-8gb-ssd512gb-15-6-dos-silver-1788437/
Ноутбук Lenovo V15 G2 ITL,черный,41 990,41 790,https://www.citilink.ru/product/noutbuk-lenovo-v15-itl-i3-1115g4-8gb-ssd256gb-15-6-ips-fhd-dos-black-1785331/
Ноутбук HP 250 G8,серебристый,46 990,46 890,https://www.citilink.ru/product/noutbuk-hp-250-g8-i3-1115g4-8gb-ssd256gb-15-6-fhd-dos3-0-1770436/
Ноутбук HP 250 G8,темно-серебристый,41 890,41 110,https://www.citilink.ru/product/noutbuk-hp-250-g8-i3-1115g4-4gb-ssd256gb-15-6-hd-dos3-0-1770435/
Ноутбук Lenovo IdeaPad 3 15ALC6,синий,61 600,61 270,https://www.citilink.ru/product/noutbuk-lenovo-ideapad-3-15alc6-ryzen-7-5700u-8gb-ssd256gb-15-6-ips-fh-1492700/
Ноутбук Lenovo IP Gaming 3 15ACH6,черный,91 900,91 510,https://www.citilink.ru/product/noutbuk-lenovo-ip-gaming-3-15ach6-ryzen-5-5600h-8gb-ssd512gb-rtx-3050-1490180/
Ноутбук ASUS Vivobook 15 X515EA-BQ1186W,серый,57 790,57 690,https://www.citilink.ru/product/noutbuk-asus-x515ea-bq1186w-i5-1135g7-8gb-ssd256gb-15-6-ips-fhd-window-1840504/
Ноутбук CHUWI GemiBook X,серый,26 990,26 890,https://www.citilink.ru/product/noutbuk-chuwi-gemibook-x-cel-n5100-4gb-ssd128gb-15-6-ips-2k-w11h-grey-1835091/
Ноутбук CHUWI LarkBook X,серый,31 990,31 890,https://www.citilink.ru/product/noutbuk-chuwi-larkbook-x-cel-n5100-8gb-ssd256gb-14-ips-2k-w11h-grey-40-1835081/
Ноутбук iRU Калибр 15Y,черный,71 450,69 700,https://www.citilink.ru/product/noutbuk-iru-kalibr-15y-i7-8550u-8gb-ssd256gb-620-15-6-ips-fhd-w11pro64-1827532/
Ноутбук HP 240 G8,черный,69 680,69 370,https://www.citilink.ru/product/noutbuk-hp-240-g8-i5-1035g1-8gb-ssd256gb-14-fhd-w10h64-1808288/
Ноутбук HP 240 G8,черный,57 200,56 420,https://www.citilink.ru/product/noutbuk-hp-240-g8-i3-1005g1-8gb-ssd256gb-14-fhd-w10h64-1808261/
Ноутбук HP 240 G8,черный,52 620,51 330,https://www.citilink.ru/product/noutbuk-hp-240-g8-i3-1005g1-8gb-ssd256gb-14-tn-hd-noos-black-1808252/
Ноутбук HASEE G8-TA7NP,черный,115 990,115 890,https://www.citilink.ru/product/noutbuk-hasee-g8-ta7np-i7-11800h-16gb-ssd512gb-rtx-3060-6gb-17-3-ips-f-1801449/
Ноутбук HP 250 G8,45R40EA,57 990,57 890,https://www.citilink.ru/product/noutbuk-hp-250-g8-i5-1135g7-8gb-ssd256gb-15-6-fhd-dos-1778809/
Ноутбук Apple MacBook Pro,серый космос,241 540,227 650,https://www.citilink.ru/product/noutbuk-apple-macbook-pro-m1-8-core-8gb-ssd256gb-13-3-ips-mac-os-grey-1778302/
Ноутбук ASUS VivoBook X543MA-DM1386W,серый,30 990,30 890,https://www.citilink.ru/product/noutbuk-asus-vivobook-x543ma-dm1386w-pen-n5030-4gb-ssd512gb-605-15-6-t-1776098/
Ноутбук ASUS VivoBook X515FA-BR158W,серый,44 990,44 890,https://www.citilink.ru/product/noutbuk-asus-x515fa-br158w-i3-10110u-8gb-ssd128gb-15-6-fhd-w11-1776097/
Ноутбук ASUS Vivobook Go 14 E410MA-BV1503,черный,27 990,27 890,https://www.citilink.ru/product/noutbuk-asus-vivobook-e410ma-bv1503-cel-n4020-4gb-ssd256gb-14-tn-hd-no-1776080/
Ноутбук ASUS Vivobook Go 14 E410MA-BV1502W,черный,28 990,28 890,https://www.citilink.ru/product/noutbuk-asus-vivobook-e410ma-bv1502w-cel-n4020-4gb-ssd128gb-14-tn-hd-w-1776079/
Ноутбук ASUS Vivobook Go 14 E410MA-BV1504W,черный,33 990,33 890,https://www.citilink.ru/product/noutbuk-asus-vivobook-e410ma-bv1504w-pen-n5030-8gb-ssd256gb-14-tn-hd-w-1776077/
Ноутбук ASUS Vivobook Pro 15 OLED K3500PH-L1157,синий,83 990,83 890,https://www.citilink.ru/product/noutbuk-asus-vivobook-pro-k3500ph-l1157-i5-11300h-8gb-ssd512gb-gtx-165-1776070/
Ноутбук ASUS X415EA-EB1311W,серый,37 990,37 890,https://www.citilink.ru/product/noutbuk-asus-x415ea-eb1311w-pg-7505-8gb-ssd256gb-14-tn-fhd-w11-grey-1776069/
Ноутбук HASEE ZX10-DA7DP,черный,149 990,149 890,https://www.citilink.ru/product/noutbuk-hasee-zx10-da7dp-i7-12700-16gb-ssd1tb-rtx-3070-ti-8gb-15-6-2-5-1775279/
Ноутбук HASEE ZX9-DA7DP,черный,135 990,135 890,https://www.citilink.ru/product/noutbuk-hasee-zx9-da7dp-i7-12700-16gb-ssd512gb-rtx-3070-8gb-15-6-2-5k-1775277/
Ноутбук HASEE ZX9-DA5DS,черный,119 990,119 890,https://www.citilink.ru/product/noutbuk-hasee-zx9-da5ds-i5-12400-16gb-ssd512gb-rtx-3070-8gb-15-6-fhd-w-1775275/
Ноутбук HASEE Z7T-TA5NA,черный,75 990,75 890,https://www.citilink.ru/product/noutbuk-hasee-z7t-ta5na-i5-11260h-8gb-ssd512gb-rtx-3050-ti-4gb-15-6-fh-1775262/
Ноутбук Acer Aspire 1 A114-33-P7VD,серебристый,24 990,24 890,https://www.citilink.ru/product/noutbuk-acer-aspire-1-a114-33-p7vd-pen-n6000-8gb-14-tn-hd-esh-silver-1688036/
Ноутбук Acer Aspire 3 A315-23-R7DU,черный,42 990,42 890,https://www.citilink.ru/product/noutbuk-acer-aspire-3-a315-23-r7du-ryzen-5-3500u-8gb-1tb-ssd256gb-vega-1688035/
Ноутбук Acer Aspire 3 A315-56-54NE,черный,60 990,60 890,https://www.citilink.ru/product/noutbuk-acer-aspire-3-a315-56-54ne-i5-1035g1-12gb-ssd512gb-15-6-fhd-w1-1685645/
Ноутбук Acer Aspire 3 A315-56-39JA,черный,45 990,45 890,https://www.citilink.ru/product/noutbuk-acer-aspire-3-a315-56-39ja-i3-1005g1-8gb-ssd128gb-15-6-fhd-w11-1672240/
Ноутбук Acer Aspire 3 A315-56-3018,черный,40 990,40 890,https://www.citilink.ru/product/noutbuk-acer-aspire-3-a315-56-3018-i3-1005g1-8gb-ssd128gb-15-6-fhd-esh-1672239/
Ноутбук Acer Aspire 3 A315-56-399N,черный,39 990,39 890,https://www.citilink.ru/product/noutbuk-acer-aspire-3-a315-56-399n-i3-1005g1-8gb-ssd512gb-15-6-fhd-esh-1672237/
Ультрабук Acer Swift 3 SF314-511-36B5,красный,53 990,53 890,https://www.citilink.ru/product/ultrabuk-acer-swift-3-sf314-511-36b5-i3-1115g4-8gb-ssd256gb-14-ips-fhd-1546585/
Ноутбук Digma EVE 14 C414,темно-серый,15 990,15 890,https://www.citilink.ru/product/noutbuk-digma-eve-14-c4xx-14-1-ips-intel-celeron-n4020-4gb-128gb-ssd-i-1470829/
Ноутбук Acer Extensa 15 EX215-52-769D,черный,63 990,63 890,https://www.citilink.ru/product/noutbuk-acer-extensa-15-ex215-52-769d-15-6-intel-core-i7-1065g7-12gb-5-1396023/
Ноутбук ASUS Expertbook B9400CEA-KC0116T,черный,139 990,139 890,https://www.citilink.ru/product/noutbuk-asus-expertbook-b9400cea-kc0116t-i7-1165g7-16gb-ssd512gb-14-ip-1830421/
Ноутбук-трансформер ASUS Expertbook B7 Flip B7402FEA-L90426W,черный,174 990,174 890,https://www.citilink.ru/product/transformer-asus-expertbook-b7402fea-l90426w-i7-1195g7-16gb-ssd1tb-14-1830416/
Ноутбук Lenovo IdeaPad 5 Pro 14ACN6,серый,109 990,109 890,https://www.citilink.ru/product/noutbuk-lenovo-ip5-pro-14acn6-ryzen-7-5800u-16gb-ssd1tb-14-ips-2-8k-w1-1830410/
Ноутбук HP Pavilion 15-eh1129ur,синий,84 990,84 690,https://www.citilink.ru/product/noutbuk-hp-pavilion-15-eh1129ur-ryzen-7-5700u-8gb-ssd512gb-15-6-fhd-do-1830405/
Ноутбук ASUS VivoBook 15 OLED K513EA-L13067,черный,49 990,49 890,https://www.citilink.ru/product/noutbuk-asus-vivobook-k513ea-l13067-i3-1115g4-8gb-ssd256gb-15-6-oled-f-1830346/
Ноутбук Lenovo V15-ITL,черный,61 990,61 790,https://www.citilink.ru/product/noutbuk-lenovo-v15-itl-i3-1115g4-8gb-ssd256gb-15-6-tn-fhd-w10pro-black-1830342/
Ноутбук HP 250 G8,серебристый,59 990,59 890,https://www.citilink.ru/product/noutbuk-hp-250-g8-i3-1115g4-8gb-ssd512gb-15-6-ips-fhd-w10pro64-silver-1830331/
Ноутбук ASUS VivoBook K513EA-BN2942,серебристый,46 990,46 890,https://www.citilink.ru/product/noutbuk-asus-vivobook-k513ea-bn2942-i3-1115g4-8gb-ssd256gb-15-6-ips-fh-1830223/
Ноутбук HP ProBook 650 G8,серебристый,136 120,132 890,https://www.citilink.ru/product/noutbuk-hp-probook-650-g8-i5-1135g7-8gb-ssd256gb-15-6-ips-fhd-w10pro64-1828358/
Ноутбук Lenovo Thinkbook 15 G2 ITL,серый,50 990,50 890,https://www.citilink.ru/product/noutbuk-lenovo-thinkbook-15-g2-itl-i3-1115g4-8gb-ssd256gb-15-6-ips-fhd-1827498/
Ноутбук Lenovo V15 GEN2 ITL,черный,65 990,65 890,https://www.citilink.ru/product/noutbuk-lenovo-v15-gen2-itl-i5-1135g7-8gb-ssd256gb-15-6-tn-fhd-dos-bla-1824447/
Ноутбук Lenovo IdeaPad 3 15IGL05,черный,33 990,33 890,https://www.citilink.ru/product/noutbuk-lenovo-ip3-15igl05-pen-n5030-4gb-ssd256gb-605-15-6-ips-fhd-dos-1824443/
Ноутбук Lenovo IdeaPad 3 15IGL05,черный,29 990,29 890,https://www.citilink.ru/product/noutbuk-lenovo-ip3-15igl05-pen-n5030-4gb-ssd256gb-605-15-6-ips-fhd-dos-1824441/
Ноутбук Lenovo IdeaPad L3 15ITL6,серый,45 100,44 400,https://www.citilink.ru/product/noutbuk-lenovo-ip-l3-15itl6-i3-1115g4-4gb-ssd256gb-15-6-ips-fhd-noos-g-1824434/
Ноутбук Xiaomi Pro RedmiBook,серебристый,79 990,79 890,https://www.citilink.ru/product/noutbuk-xiaomi-pro-redmibook-i5-12450h-16gb-ssd512gb-15-6-ips-3k-w10tr-1808579/
Ноутбук HP 250 G8,темно-серебристый,59 990,59 890,https://www.citilink.ru/product/noutbuk-hp-250-g8-i3-1005g1-8gb-ssd256gb-15-6-tn-fhd-w10pro64-dk-silve-1807974/
Ноутбук HP 250 G8,серебристый,95 500,95 400,https://www.citilink.ru/product/noutbuk-hp-250-g8-i5-1035g1-16gb-ssd512gb-15-6-tn-fhd-w10pro64-silver-1807028/
Ноутбук HP ProBook 450 G8,серебристый,125 400,123 120,https://www.citilink.ru/product/noutbuk-hp-probook-450-g8-i5-1145g7-8gb-ssd256gb-15-6-ips-fhd-w10pro64-1807017/
Ноутбук Lenovo IdeaPad 3 15IGL05,серый,29 590,29 200,https://www.citilink.ru/product/noutbuk-lenovo-ideapad-3-15igl05-cel-n4020-4gb-ssd256gb-600-15-6-ips-f-1805010/
Ноутбук ASUS Zenbook 13 OLED UX325EA-KG666W,серый,89 990,89 890,https://www.citilink.ru/product/noutbuk-asus-zenbook-ux325ea-kg666w-i5-1135g7-16gb-ssd512gb-13-3-oled-1800447/
Ноутбук MSI Katana GF76 11UC-678XRU,серый,99 990,99 890,https://www.citilink.ru/product/noutbuk-msi-katana-gf76-11uc-678xru-i5-11400h-8gb-ssd256gb-rtx-3050-4g-1800389/
Ноутбук ASUS VivoBook X515JA-EJ2120W,серый,79 990,79 890,https://www.citilink.ru/product/noutbuk-asus-x515ja-ej2120w-i7-1065g7-8gb-ssd512gb-15-6-fhd-w11-grey-1800179/
Ноутбук Lenovo IdeaPad L3 15ITL6,серый,32 990,32 890,https://www.citilink.ru/product/noutbuk-lenovo-ideapad-l3-15itl6-pg-7505-4gb-ssd256gb-15-6-tn-fhd-noos-1795435/
Ноутбук Lenovo IdeaPad 3 15ITL6,серый,42 990,42 890,https://www.citilink.ru/product/noutbuk-lenovo-ideapad-3-15itl6-i3-1115g4-8gb-ssd256gb-15-6-ips-fhd-no-1794621/
Ноутбук Lenovo IdeaPad 3 15ITL6,синий,43 990,43 890,https://www.citilink.ru/product/noutbuk-lenovo-ideapad-3-15itl6-pg-7505-8gb-ssd256gb-15-6-ips-fhd-noos-1794610/
Ноутбук ASUS Vivobook 15 X515EA-BQ959,серебристый,53 990,53 890,https://www.citilink.ru/product/noutbuk-asus-x515ea-bq959-i5-1135g7-8gb-ssd256gb-15-6-ips-fhd-noos-sil-1791548/
Ноутбук ASUS Vivobook Pro 15 OLED K3500PC-L1315,синий,99 990,99 890,https://www.citilink.ru/product/noutbuk-asus-vivobook-pro-k3500pc-l1315-i5-11300h-16gb-ssd512gb-rtx-30-1791543/
Ноутбук ASUS Vivobook 15 X515EA-BQ950,серебристый,44 990,44 890,https://www.citilink.ru/product/noutbuk-asus-x515ea-bq950-i3-1115g4-8gb-ssd256gb-15-6-ips-fhd-noos-sil-1791496/
Ноутбук ASUS Vivobook 15 X515EA-BQ1898,синий,52 990,52 890,https://www.citilink.ru/product/noutbuk-asus-x515ea-bq1898-i5-1135g7-8gb-ssd256gb-15-6-ips-fhd-noos-bl-1791348/
Ноутбук ASUS ExpertBook P1 P1512CEA-EJ0036,серый,46 990,46 890,https://www.citilink.ru/product/noutbuk-asus-p1512cea-ej0036-i3-1115g4-8gb-ssd512gb-15-6-ips-fhd-noos-1791337/
Ноутбук ASUS VivoBook 15 OLED K513EA-L12974,серебристый,49 990,49 890,https://www.citilink.ru/product/noutbuk-asus-vivobook-k513ea-l12974-i3-1125g4-8gb-ssd256gb-15-6-oled-f-1791332/
Ноутбук-трансформер ASUS Expertbook B7 Flip B7402FEA-L90369X,черный,166 000,163 080,https://www.citilink.ru/product/transformer-asus-expertbook-b7402fea-l90369x-i7-1195g7-16gb-ssd1tb-14-1791329/
Ноутбук ASUS Vivobook 15 X515EA-BQ850,синий,44 990,44 890,https://www.citilink.ru/product/noutbuk-asus-x515ea-bq850-i3-1115g4-8gb-ssd256gb-15-6-ips-fhd-noos-blu-1791320/
Ноутбук ASUS VivoBook 15 OLED K513EA-L12875,золотистый,49 990,49 890,https://www.citilink.ru/product/noutbuk-asus-vivobook-k513ea-l12875-i3-1125g4-8gb-ssd256gb-15-6-oled-f-1791316/
Ноутбук ASUS TUF Gaming F15 FX506HCB-HN144,черный,89 990,89 890,https://www.citilink.ru/product/noutbuk-asus-tuf-gaming-fx506hcb-hn144-i5-11400h-8gb-ssd512gb-rtx-3050-1791302/
Ноутбук ASUS Vivobook Go 14 E410MA-EK1329,черный,26 990,26 890,https://www.citilink.ru/product/noutbuk-asus-vivobook-e410ma-ek1329-pen-n5030-4gb-ssd256gb-605-14-fhd-1790294/
Ноутбук HP ProBook 440 G8,серебристый,123 200,120 960,https://www.citilink.ru/product/noutbuk-hp-probook-440-g8-i5-1135g7-16gb-ssd512gb-14-ips-fhd-w10pro64-1788885/
Ноутбук MSI Pulse GL76 11UCK-491XRU,серый,87 990,87 890,https://www.citilink.ru/product/noutbuk-msi-pulse-gl76-11uck-491xru-i5-11400h-8gb-ssd256gb-rtx-3050-4g-1788269/
Ноутбук Lenovo V15-ADA,серый,57 090,55 920,https://www.citilink.ru/product/noutbuk-lenovo-v15-ada-ryzen-5-3500u-8gb-ssd512gb-vega-8-15-6-tn-fhd-d-1783685/
Ноутбук Lenovo IdeaPad 3 15IIL05,серый,46 990,46 890,https://www.citilink.ru/product/noutbuk-lenovo-ideapad-3-15iil05-i3-1005g1-8gb-ssd512gb-15-6-ips-fhd-d-1783681/
Ноутбук Lenovo V15 G2 ITL,черный,79 990,79 890,https://www.citilink.ru/product/noutbuk-lenovo-v15-g2-itl-i7-1165g7-8gb-ssd512gb-15-6-tn-fhd-noos-blac-1782283/
Ноутбук Lenovo IdeaPad 3 15IGL05,серый,23 990,23 890,https://www.citilink.ru/product/noutbuk-lenovo-ideapad-3-15igl05-cel-n4020-4gb-ssd128gb-600-15-6-tn-fh-1782246/
Ноутбук Lenovo IdeaPad L3 15ITL6,серый,39 990,39 890,https://www.citilink.ru/product/noutbuk-lenovo-ideapad-l3-15itl6-i3-1115g4-4gb-ssd256gb-15-6-tn-fhd-no-1782233/
Ноутбук HP ProBook 455 G8,серебристый,89 990,89 890,https://www.citilink.ru/product/noutbuk-hp-probook-455-g8-ryzen-7-5800u-8gb-ssd256gb-15-6-ips-fhd-w10p-1781810/
Ноутбук HP ProBook 455 G8,серебристый,66 990,66 890,https://www.citilink.ru/product/noutbuk-hp-probook-455-g8-ryzen-3-5400u-8gb-ssd256gb-15-6-ips-fhd-w10p-1781338/
Ноутбук HP 250 G8,темно-серебристый,59 990,59 890,https://www.citilink.ru/product/noutbuk-hp-250-g8-i3-1115g4-8gb-ssd256gb-15-6-ips-fhd-w10pro64-dk-silv-1781270/
Ноутбук HP ProBook 455 G8,серебристый,57 990,57 890,https://www.citilink.ru/product/noutbuk-hp-probook-455-g8-ryzen-3-5400u-8gb-ssd256gb-15-6-fhd-dos-1778792/
Ноутбук HP 250 G8,серебристый,59 990,59 890,https://www.citilink.ru/product/noutbuk-hp-250-g8-i3-1005g1-8gb-ssd512gb-15-6-tn-fhd-w10pro64-silver-1777520/
Ноутбук CHUWI Corebook Xpro,серый,49 990,49 890,https://www.citilink.ru/product/noutbuk-chuwi-corebook-xpro-i5-10210u-16gb-ssd1tb-15-6-ips-fhd-w11h-1775355/
Ноутбук CHUWI Corebook Xpro,серый,46 990,46 890,https://www.citilink.ru/product/noutbuk-chuwi-corebook-xpro-i5-10210u-16gb-ssd512gb-15-6-ips-fhd-w11h-1775354/
Ноутбук CHUWI Corebook X 14/16/1024,серый,40 990,40 890,https://www.citilink.ru/product/noutbuk-chuwi-corebook-x-i3-10110u-16gb-ssd1tb-14-ips-2k-w11h-1775352/
Ноутбук CHUWI Corebook X 14/8/256,серый,30 990,30 890,https://www.citilink.ru/product/noutbuk-chuwi-corebook-x-i3-10110u-8gb-ssd256gb-14-ips-2k-w11h-1775349/
Ноутбук Huawei MateBook D 14,серый,43 990,43 890,https://www.citilink.ru/product/noutbuk-huawei-matebook-d-i3-1115g4-8gb-ssd512gb-14-ips-fhd-w11h-grey-1775152/
Ноутбук Huawei MateBook D 15,серый,43 990,43 890,https://www.citilink.ru/product/noutbuk-huawei-matebook-d-i3-1115g4-8gb-ssd256gb-15-6-ips-fhd-w11-grey-1774323/
Ноутбук Huawei MateBook D 15,серый,89 900,87 520,https://www.citilink.ru/product/noutbuk-huawei-matebook-d-i7-1165g7-16gb-ssd512gb-15-6-ips-fhd-w11-gre-1774289/
Ноутбук HP Victus 16-e0073ur,темно-серебристый,137 990,137 890,https://www.citilink.ru/product/noutbuk-hp-victus-16-e0073ur-ryzen-7-5800h-16gb-ssd512gb-rtx-3060-6gb-1769972/
Ноутбук Lenovo IdeaPad L3 15ITL6,серый,45 990,45 890,https://www.citilink.ru/product/noutbuk-lenovo-ideapad-l3-15itl6-i3-1115g4-8gb-ssd256gb-15-6-tn-fhd-no-1749398/
Ноутбук Lenovo IdeaPad 3 15IGL05,серый,29 990,29 890,https://www.citilink.ru/product/noutbuk-lenovo-ideapad-3-15igl05-pen-n5030-4gb-ssd256gb-605-15-6-ips-f-1749256/
Ноутбук Huawei MateBook 14S HKD-W76,зеленый,109 990,109 890,https://www.citilink.ru/product/noutbuk-huawei-matebook-hkd-w76-i7-11370h-16gb-ssd512gb-14-2-ltps-touc-1746058/
Ноутбук HP 15s-eq2021ur,серебристый,74 990,74 890,https://www.citilink.ru/product/noutbuk-hp-15s-eq2021ur-ryzen-5-5500u-16gb-ssd512gb-15-6-ips-fhd-dos3-1744973/
Ноутбук HP 15s-eq1427ur,серый,49 990,49 890,https://www.citilink.ru/product/noutbuk-hp-15s-eq1427ur-ryzen-3-3250u-8gb-ssd256gb-15-6-ips-fhd-w11-gr-1744966/
Ноутбук HP 15s-eq2124ur,серебристый,69 990,69 890,https://www.citilink.ru/product/noutbuk-hp-15s-eq2124ur-ryzen-5-5500u-16gb-ssd512gb-15-6-ips-fhd-noos-1744956/
Ноутбук HP Pavilion Gaming 15-ec2010ur,черный,116 990,116 890,https://www.citilink.ru/product/noutbuk-hp-pavilion-gaming-15-ec2010ur-ryzen-5-5600h-16gb-ssd512gb-gtx-1744928/
Ноутбук HP Victus 16-e0080ur,синий,109 990,109 890,https://www.citilink.ru/product/noutbuk-hp-victus-16-e0080ur-ryzen-5-5600h-16gb-ssd512gb-rtx-3060-6gb-1744815/
Ноутбук HP 15s-fq2115ur,серебристый,59 990,59 890,https://www.citilink.ru/product/noutbuk-hp-15s-fq2115ur-i3-1125g4-8gb-ssd512gb-15-6-ips-fhd-w11h-silve-1744812/
Ноутбук INFINIX Inbook X2,серый,56 990,56 890,https://www.citilink.ru/product/noutbuk-infinix-inbook-x2-i7-1065g7-8gb-ssd512gb-14-ips-fhd-nooseng-gr-1744386/
Ноутбук INFINIX Inbook X2,голубой,56 990,56 890,https://www.citilink.ru/product/noutbuk-infinix-inbook-x2-i7-1065g7-8gb-ssd512gb-14-ips-fhd-nooseng-lt-1744382/
Ноутбук INFINIX Inbook X2,серый,46 990,46 890,https://www.citilink.ru/product/noutbuk-infinix-inbook-x2-i5-1035g1-8gb-ssd512gb-14-ips-fhd-nooseng-gr-1744380/
Ноутбук INFINIX Inbook X2,голубой,46 990,46 890,https://www.citilink.ru/product/noutbuk-infinix-inbook-x2-i5-1035g1-8gb-ssd512gb-14-ips-fhd-nooseng-lt-1744377/
Ноутбук INFINIX Inbook X2,серый,29 990,29 890,https://www.citilink.ru/product/noutbuk-infinix-inbook-x2-i3-1005g1-4gb-ssd256gb-14-ips-fhd-nooseng-gr-1744374/
Ноутбук HP 250 G8,темно-серебристый,70 990,70 890,https://www.citilink.ru/product/noutbuk-hp-250-g8-i3-1005g1-8gb-ssd256gb-15-6-fhd-w10pro64-1739087/
Ноутбук iRU Калибр 15Y,черный,44 990,44 890,https://www.citilink.ru/product/noutbuk-iru-kalibr-15y-i7-8550u-8gb-ssd240gb-620-15-6-ips-fhd-dos-blac-1738018/
Ноутбук HP 250 G8,темно-серебристый,29 990,29 890,https://www.citilink.ru/product/noutbuk-hp-250-g8-cel-n4020-4gb-ssd128gb-600-15-6-tn-hd-w10pro64-dk-si-1736838/
Ноутбук HP 470 G8,серебристый,85 990,85 890,https://www.citilink.ru/product/noutbuk-hp-470-g8-i5-1135g7-8gb-ssd256gb-17-3-fhd-w10pro64-silver-1736834/
Ноутбук HP ProBook 455 G8,серебристый,116 990,116 890,https://www.citilink.ru/product/noutbuk-hp-probook-455-g8-ryzen-5-5600u-16gb-ssd512gb-15-6-ips-fhd-w10-1729106/
Ноутбук HP Omen 16-c0049ur,темно-серебристый,157 990,157 890,https://www.citilink.ru/product/noutbuk-hp-omen-16-c0049ur-ryzen-5-5600h-16gb-ssd512gb-rx6600m-8gb-16-1728978/
Ноутбук HP 15s-eq1404ur,серый,53 990,53 890,https://www.citilink.ru/product/noutbuk-hp-15s-eq1404ur-ryzen-3-3250u-4gb-ssd256gb-15-6-fhd-w10-grey-1727922/
Ноутбук HP ProBook 450 G8,серебристый,109 990,109 890,https://www.citilink.ru/product/noutbuk-hp-probook-450-g8-i5-1135g7-8gb-ssd256gb-15-6-fhd-w10pro64-sil-1726722/
Ноутбук HP 15s-eq2136ur,серый,49 990,49 890,https://www.citilink.ru/product/noutbuk-hp-15s-eq2136ur-ryzen-3-5300u-8gb-ssd256gb-15-6-ips-fhd-w11-gr-1725650/
Ноутбук HP Aero 13-be0047ur,серебристый,75 990,75 890,https://www.citilink.ru/product/noutbuk-hp-aero-13-be0047ur-ryzen-5-5600u-8gb-ssd512gb-13-3-ips-wqxga-1725626/
Ноутбук HP 15s-eq1113ur,серый,46 990,46 890,https://www.citilink.ru/product/noutbuk-hp-15s-eq1113ur-ryzen-3-3250u-8gb-ssd256gb-15-6-ips-fhd-dos3-0-1722553/
Ноутбук HP 15s-eq2135ur,серебристый,64 990,64 890,https://www.citilink.ru/product/noutbuk-hp-15s-eq2135ur-ryzen-5-5500u-8gb-ssd512gb-15-6-ips-fhd-w11h-s-1722552/
Ноутбук HP 15s-eq2090ur,серебристый,69 990,69 890,https://www.citilink.ru/product/noutbuk-hp-15s-eq2090ur-ryzen-7-5700u-8gb-ssd512gb-15-6-ips-fhd-w11h-s-1722544/
Ноутбук HP 15s-eq1150ur,серый,42 990,42 890,https://www.citilink.ru/product/noutbuk-hp-15s-eq1150ur-ryzen-3-3250u-8gb-ssd256gb-15-6-ips-fhd-dos3-0-1722526/
Ноутбук HP 255 G8,темно-серебристый,65 990,65 890,https://www.citilink.ru/product/noutbuk-hp-255-g8-ryzen-3-5300u-8gb-ssd256gb-15-6-ips-fhd-dos3-0-dk-si-1722476/
Ноутбук HP 255 G8,темно-серебристый,59 990,59 890,https://www.citilink.ru/product/noutbuk-hp-255-g8-ryzen-5-5500u-8gb-ssd512gb-15-6-fhd-dos-1722471/
Ноутбук HP 255 G8,темно-серебристый,69 990,69 890,https://www.citilink.ru/product/noutbuk-hp-255-g8-ryzen-5-5500u-8gb-ssd256gb-15-6-ips-fhd-dos-dk-silve-1722469/
Ноутбук HP 255 G8,темно-серебристый,69 990,69 890,https://www.citilink.ru/product/noutbuk-hp-255-g8-ryzen-5-5500u-8gb-ssd256gb-15-6-fhd-dos3-0-3610mah-1722468/
Ноутбук HP 255 G8,темно-серебристый,69 990,69 890,https://www.citilink.ru/product/noutbuk-hp-255-g8-ryzen-3-5300u-8gb-ssd256gb-15-6-ips-fhd-dos3-0-dk-si-1722467/
Ноутбук HP 250 G8,темно-серебристый,41 990,41 890,https://www.citilink.ru/product/noutbuk-hp-250-g8-pen-n5030-4gb-ssd256gb-15-6-hd-dos-1722466/
Ноутбук HP 15s-fq2118ur,серебристый,105 990,105 890,https://www.citilink.ru/product/noutbuk-hp-15s-fq2118ur-i7-1165g7-16gb-ssd512gb-15-6-ips-fhd-w11h-silv-1718665/
Ноутбук HP 17-cp0094ur,серебристый,96 990,96 890,https://www.citilink.ru/product/noutbuk-hp-17-cp0094ur-ryzen-5-5500u-16gb-ssd1tb-17-3-ips-fhd-w10h-sil-1718662/
Ноутбук HP 15s-eq2018ur,серебристый,86 990,86 890,https://www.citilink.ru/product/noutbuk-hp-15s-eq2018ur-ryzen-7-5700u-16gb-ssd512gb-15-6-ips-fhd-dos3-1718563/
Ноутбук HP Pavilion 15-eh1017ur,серебристый,78 990,78 890,https://www.citilink.ru/product/noutbuk-hp-pavilion-15-eh1017ur-ryzen-5-5500u-16gb-ssd512gb-15-6-ips-f-1718561/
Ноутбук HP 15s-fq2120ur,серебристый,69 990,69 790,https://www.citilink.ru/product/noutbuk-hp-15s-fq2120ur-i5-1135g7-8gb-ssd512gb-15-6-ips-fhd-w11h-silve-1718520/
Ноутбук HP 15s-eq2022ur,серебристый,59 990,59 890,https://www.citilink.ru/product/noutbuk-hp-15s-eq2022ur-ryzen-5-5500u-8gb-ssd512gb-15-6-ips-fhd-dos3-0-1718518/
Ноутбук Huawei MateBook B5-430,серый,157 000,156 590,https://www.citilink.ru/product/noutbuk-huawei-matebook-b5-430-i5-1135g7-8gb-ssd512gb-14-ips-w10pro-gr-1718394/
Ноутбук Huawei MateBook D 14,серый,103 990,103 890,https://www.citilink.ru/product/noutbuk-huawei-matebook-d-i5-1135g7-8gb-ssd512gb-14-ips-fhd-w11h-grey-1718331/
Ноутбук Huawei MateBook D 14,серебристый,69 990,69 890,https://www.citilink.ru/product/noutbuk-huawei-matebook-d-i5-1135g7-8gb-ssd512gb-14-ips-fhd-w11h-silve-1718326/
Ноутбук Huawei MateBook D 15,серый,89 990,89 890,https://www.citilink.ru/product/noutbuk-huawei-matebook-d-i5-1135g7-8gb-ssd256gb-15-6-ips-fhd-w11h-gre-1718324/
Ноутбук Huawei MateBook D 15,серый,67 900,67 700,https://www.citilink.ru/product/noutbuk-huawei-matebook-d-i5-1135g7-8gb-ssd512gb-15-6-ips-fhd-w11h-gre-1718321/
Ноутбук HP 15s-fq2145ur,серебристый,45 990,45 890,https://www.citilink.ru/product/noutbuk-hp-15s-fq2145ur-i3-1115g4-8gb-ssd256gb-15-6-ips-fhd-w11-silver-1690643/
Ноутбук Huawei MateBook B3-420,серый космос,136 000,135 590,https://www.citilink.ru/product/noutbuk-huawei-matebook-b3-420-i5-1135g7-8gb-ssd512gb-14-ips-fhd-w10pr-1688097/
Ноутбук Acer Aspire 5 A515-45-R9XA,черный,54 990,54 890,https://www.citilink.ru/product/noutbuk-acer-aspire-5-a515-45-r9xa-ryzen-5-5500u-8gb-ssd512gb-15-6-ips-1685540/
Ноутбук Acer Aspire 5 A515-45-R245,черный,52 990,52 890,https://www.citilink.ru/product/noutbuk-acer-aspire-5-a515-45-r245-ryzen-5-5500u-8gb-ssd128gb-15-6-ips-1684198/
Ноутбук Acer Aspire 3 A315-23-R9AE,черный,47 990,47 890,https://www.citilink.ru/product/noutbuk-acer-aspire-3-a315-23-r9ae-ryzen-5-3500u-8gb-1tb-vega-8-15-6-f-1682209/
Ноутбук Acer Aspire 3 A315-23-R89L,черный,62 990,62 890,https://www.citilink.ru/product/noutbuk-acer-aspire-3-a315-23-r89l-ryzen-5-3500u-16gb-ssd512gb-vega-8-1682208/
Ноутбук MSI Pulse GL66 11UDK-418RU,серый,102 490,102 390,https://www.citilink.ru/product/noutbuk-msi-pulse-gl66-11udk-418ru-i5-11400h-8gb-ssd512gb-rtx-3050-ti-1681617/
Ноутбук MSI Pulse GL76 11UDK-235RU,серый,107 990,107 890,https://www.citilink.ru/product/noutbuk-msi-pulse-gl76-11udk-235ru-i5-11400h-8gb-ssd512gb-rtx-3050-ti-1681599/
Ноутбук HP Omen 16-c0047ur,темно-серебристый,145 990,145 890,https://www.citilink.ru/product/noutbuk-hp-omen-16-c0047ur-ryzen-7-5800h-16gb-ssd1tb-rx6600m-8gb-16-1-1680020/
Ноутбук MSI GF63 Thin 11UD-221RU,черный,94 990,94 890,https://www.citilink.ru/product/noutbuk-msi-gf63-thin-11ud-221ru-i5-11400h-8gb-ssd512gb-rtx-3050-ti-4g-1676905/
Ноутбук MSI Prestige 15 A11SC-065RU,серый,94 490,94 390,https://www.citilink.ru/product/noutbuk-msi-prestige-15-a11sc-065ru-i5-1155g7-8gb-ssd512gb-gtx-1650-4g-1676792/
Ноутбук MSI Pulse GL66 11UDK-417RU,серый,109 490,109 390,https://www.citilink.ru/product/noutbuk-msi-pulse-gl66-11udk-417ru-i7-11800h-8gb-ssd512gb-rtx-3050-ti-1676790/
Ноутбук MSI Pulse GL66 12UEK-289XRU,серый,105 490,105 390,https://www.citilink.ru/product/noutbuk-msi-pulse-gl66-12uek-289xru-i5-12500h-8gb-ssd512gb-rtx-3060-6g-1675560/
Ноутбук Acer Aspire 3 A315-23-R0BD,черный,49 990,49 890,https://www.citilink.ru/product/noutbuk-acer-aspire-3-a315-23-r0bd-ryzen-5-3500u-8gb-ssd512gb-vega-8-1-1660359/
Ноутбук Acer Aspire 3 A315-23-R36F,черный,51 990,51 890,https://www.citilink.ru/product/noutbuk-acer-aspire-3-a315-23-r36f-ryzen-5-3500u-8gb-1tb-ssd128gb-vega-1660356/
Ноутбук Acer Aspire 3 A315-23-R2KK,черный,49 990,49 890,https://www.citilink.ru/product/noutbuk-acer-aspire-3-a315-23-r2kk-ryzen-5-3500u-8gb-ssd256gb-vega-8-1-1660354/
Ноутбук HP Omen 16-c0057ur,темно-серебристый,179 990,179 890,https://www.citilink.ru/product/noutbuk-hp-omen-16-c0057ur-ryzen-7-5800h-16gb-ssd512gb-rtx-3070-8gb-16-1659317/
Ноутбук DREAM MACHINES RT3070-15RU30,черный,167 990,167 890,https://www.citilink.ru/product/noutbuk-dream-machines-rt3070-15ru30-ryzen-5-5600x-16gb-ssd1tb-rtx-307-1659249/
Ноутбук DREAM MACHINES RT3060-15RU30,черный,139 990,139 890,https://www.citilink.ru/product/noutbuk-dream-machines-rt3060-15ru30-ryzen-5-5600x-16gb-ssd1tb-rtx-306-1659243/
Ноутбук MSI GF63 Thin 11SC-623RU,черный,83 000,82 250,https://www.citilink.ru/product/noutbuk-msi-gf63-thin-11sc-623ru-i5-11400h-8gb-ssd256gb-gtx-1650-max-q-1657700/
Ноутбук MSI Katana GF66 11UC-1225RU,черный,98 900,98 050,https://www.citilink.ru/product/noutbuk-msi-katana-gf66-11uc-1225xru-i5-11400h-8gb-ssd512gb-rtx-3050-4-1657688/
Ноутбук DELL G15 5511,серый,89 990,89 890,https://www.citilink.ru/product/noutbuk-dell-g15-5511-i7-11800h-8gb-ssd512gb-rtx-3050-4gb-15-6-fhd-w11-1656883/
Ноутбук ASUS ZenBook Duo UX482EGR-HY391W,синий,135 990,135 890,https://www.citilink.ru/product/noutbuk-asus-zenbook-duo-ux482egr-hy391w-i7-1165g7-16gb-ssd512gb-mx450-1654541/
Ноутбук-трансформер ASUS Zenbook 14 Flip OLED UP5401EA-KN119W,серый,125 990,125 890,https://www.citilink.ru/product/noutbuk-asus-zenbook-up5401ea-kn119w-i7-1165g7-16gb-ssd512gb-14-oled-t-1654348/
Ноутбук MSI Bravo 15 B5DD-220RU,черный,125 990,125 890,https://www.citilink.ru/product/noutbuk-msi-bravo-15-b5dd-220ru-ryzen-7-5800h-16gb-ssd512gb-5500m-4gb-1651277/
Ноутбук DELL Vostro 3510,серый,94 990,94 890,https://www.citilink.ru/product/noutbuk-dell-vostro-3510-i7-1165g7-8gb-ssd512gb-15-6-fhd-w11-grey-1649084/
Ноутбук ASUS Vivobook Pro 14 OLED M3401QA-KM012W,синий,98 990,98 890,https://www.citilink.ru/product/noutbuk-asus-m3401qa-km012w-ryzen-7-5800h-16gb-ssd512gb-14-oled-touch-1648918/
Ноутбук ASUS ROG Zephyrus G14 GA401QC-K2141T,серый,145 990,145 890,https://www.citilink.ru/product/noutbuk-asus-rog-zephyrus-ga401qc-k2141t-ryzen-7-5800hs-16gb-ssd512gb-1643252/
Ноутбук HP 14s-dq3002ur,черный,42 990,42 890,https://www.citilink.ru/product/noutbuk-hp-14s-dq3002ur-cel-n4500-4gb-ssd128gb-14-hd-w10-black-1643240/
Ноутбук HP 15s-eq1275ur,серебристый,37 990,37 890,https://www.citilink.ru/product/noutbuk-hp-15s-eq1275ur-ath-sil-3050u-4gb-ssd256gb-15-6-ips-fhd-w10-si-1643236/
Ноутбук HP 15s-fq2020ur,серый,49 990,49 890,https://www.citilink.ru/product/noutbuk-hp-15s-fq2020ur-pg-7505-8gb-ssd512gb-15-6-ips-fhd-dos-grey-1643188/
Ноутбук HP 17-cp0091ur,черный,31 990,31 890,https://www.citilink.ru/product/noutbuk-hp-17-cp0091ur-ath-sil-3050u-4gb-ssd256gb-17-3-hd-dos3-0-black-1643067/
Ноутбук HP 14s-dq3004ur,черный,26 990,26 890,https://www.citilink.ru/product/noutbuk-hp-14s-dq3004ur-cel-n4500-4gb-ssd256gb-14-hd-dos3-0-black-1643065/
Ноутбук HP 15s-fq2051ur,серый,56 990,56 890,https://www.citilink.ru/product/noutbuk-hp-15s-fq2051ur-i3-1125g4-8gb-ssd256gb-15-6-ips-fhd-w10-grey-1643062/
Ноутбук HP 15s-eq1320ur,серый,39 990,39 890,https://www.citilink.ru/product/noutbuk-hp-15s-eq1320ur-ath-gl-3150u-4gb-ssd128gb-15-6-ips-fhd-w10-gre-1643057/
Ноутбук DELL Vostro 3515,черный,31 990,31 890,https://www.citilink.ru/product/noutbuk-dell-vostro-3515-ath-sil-3050u-4gb-ssd128gb-15-6-hd-w11-black-1639917/
Ноутбук DELL Vostro 3515,черный,27 990,27 890,https://www.citilink.ru/product/noutbuk-dell-vostro-3515-ath-sil-3050u-4gb-ssd128gb-15-6-hd-lin-black-1639915/
Ноутбук HP 15s-fq2118ur,серебристый,99 990,99 890,https://www.citilink.ru/product/noutbuk-hp-15s-fq2118ur-i7-1165g7-16gb-ssd512gb-15-6-ips-fhd-w11-silve-1638953/
Ноутбук HP 15s-eq2136ur,серый,49 990,49 890,https://www.citilink.ru/product/noutbuk-hp-15s-eq2136ur-ryzen-3-5300u-8gb-ssd256gb-15-6-ips-fhd-w11-gr-1638938/
Ультрабук Acer Swift 3 SF316-51-55EP,серый,89 990,89 890,https://www.citilink.ru/product/ultrabuk-acer-swift-3-sf316-51-55ep-i5-11300h-16gb-ssd512gb-16-1-ips-n-1638202/
Ноутбук Lenovo V15-IGL,серый,27 990,27 890,https://www.citilink.ru/product/noutbuk-lenovo-v15-igl-cel-n4120-4gb-ssd128gb-600-15-6-tn-hd-w10-grey-1635677/
Ноутбук Lenovo Thinkbook 15 G2 ITL,серый,87 990,87 890,https://www.citilink.ru/product/noutbuk-lenovo-thinkbook-15-g2-itl-i5-1135g7-8gb-ssd256gb-15-6-fhd-w11-1634996/
Ноутбук Lenovo Thinkbook 15 G2 ITL,серый,59 990,59 890,https://www.citilink.ru/product/noutbuk-lenovo-thinkbook-15-g2-itl-i3-1115g4-8gb-ssd256gb-15-6-fhd-w11-1634991/
Ультрабук Honor MagicBook View 14,серый,129 990,119 990,https://www.citilink.ru/product/ultrabuk-honor-magicbook-view-14-i7-11390h-16gb-ssd512gb-14-2-ips-fhd-1634826/
Ноутбук Lenovo IdeaPad 3 17ADA05,серый,29 990,29 890,https://www.citilink.ru/product/noutbuk-lenovo-ideapad-3-17ada05-3020e-4gb-ssd256gb-17-3-tn-hd-dos-gre-1634173/
Ноутбук ASUS VivoBook 15 OLED K513EA-L11649T,серебристый,50 990,50 890,https://www.citilink.ru/product/noutbuk-asus-k513ea-l11649t-i3-1115g4-8gb-ssd256gb-15-6-fhd-w10-silver-1627663/
Ноутбук REALME book,серебристый,59 990,59 890,https://www.citilink.ru/product/noutbuk-realme-realme-book-i5-1135g7-8gb-ssd512gb-14-ips-fhd-w10-silve-1626467/
Ноутбук ASUS VivoBook A543MA-GQ1260T,серый,26 990,26 890,https://www.citilink.ru/product/noutbuk-asus-vivobook-a543ma-gq1260t-cel-n4020-4gb-ssd128gb-605-15-6-h-1625869/
Ноутбук Acer Aspire 3 A317-53-59V0,серебристый,59 990,59 890,https://www.citilink.ru/product/noutbuk-acer-aspire-3-a317-53-59v0-i5-1135g7-8gb-1tb-ssd128gb-17-3-ips-1624990/
Ноутбук Acer Aspire 3 A317-53-367Z,серебристый,46 990,46 890,https://www.citilink.ru/product/noutbuk-acer-aspire-3-a317-53-367z-i3-1115g4-8gb-ssd256gb-17-3-ips-fhd-1624986/
Ноутбук Acer TravelMate P2 TMP215-41-G2-R63W,черный,59 990,59 890,https://www.citilink.ru/product/noutbuk-acer-travelmate-p2-tmp215-41-g2-r63w-ryzen-5-pro-5650u-8gb-ssd-1624715/
Ноутбук Apple MacBook Pro,серебристый,599 990,599 890,https://www.citilink.ru/product/noutbuk-apple-macbook-pro-m1-max-10-core-64gb-ssd1tb-32-core-gpu-14-2-1623766/
Ноутбук Apple MacBook Pro,серебристый,599 990,599 890,https://www.citilink.ru/product/noutbuk-apple-macbook-pro-m1-max-10-core-64gb-ssd1tb-24-core-gpu-14-2-1623764/
Ноутбук Apple MacBook Pro,серый космос,299 990,299 890,https://www.citilink.ru/product/noutbuk-apple-macbook-pro-m1-pro-8-core-16gb-ssd1tb-14-core-gpu-14-2-r-1623625/
Ноутбук Apple MacBook Pro,серебристый,539 990,539 890,https://www.citilink.ru/product/noutbuk-apple-macbook-pro-m1-max-10-core-32gb-ssd512gb-24-core-gpu-16-1623419/
Ноутбук ASUS Zenbook 13 OLED UX325EA-KG649W,серый,89 990,89 890,https://www.citilink.ru/product/noutbuk-asus-zenbook-ux325ea-kg455w-i5-1135g7-16gb-ssd512gb-13-3-oled-1620116/
Ноутбук ASUS Zenbook 13 OLED UX325EA-KG687W,светло-фиолетовый,74 990,74 890,https://www.citilink.ru/product/noutbuk-asus-zenbook-ux325ea-kg492w-i5-1135g7-8gb-ssd512gb-13-3-oled-f-1620113/
Ноутбук ASUS Expertbook B5302CEA-KG0361T,черный,64 590,64 490,https://www.citilink.ru/product/noutbuk-asus-b5302cea-kg0361t-i3-1115g4-8gb-ssd256gb-13-3-oled-fhd-w10-1618414/
Ноутбук ASUS Expertbook 13 OLED B5302CEA-KG0482W,черный,79 990,79 890,https://www.citilink.ru/product/noutbuk-asus-b5302cea-kg0451t-i5-1135g7-8gb-ssd512gb-13-3-oled-fhd-w10-1618408/
Ноутбук Lenovo V14 GEN2 ITL,черный,49 990,49 890,https://www.citilink.ru/product/noutbuk-lenovo-v14-gen2-itl-i3-1115g4-8gb-ssd256gb-14-tn-fhd-w11pro-bl-1613756/
Ноутбук Huawei MateBook B3-410,серый,116 000,115 690,https://www.citilink.ru/product/noutbuk-huawei-matebook-b3-410-i5-10210u-8gb-ssd512gb-620-14-w10pro-1613419/
Ноутбук Huawei MateBook B3-520,серый,136 000,135 590,https://www.citilink.ru/product/noutbuk-huawei-matebook-b3-520-i5-1135g7-8gb-ssd512gb-15-6-fhd-w10pro-1613389/
Ноутбук Acer Predator Triton 300 PT314-51s-569U,серебристый,119 990,119 890,https://www.citilink.ru/product/noutbuk-acer-predator-triton-300-pt314-51s-569u-i5-11300h-16gb-ssd512g-1612856/
Ноутбук Acer Predator Helios 300 PH317-55-56TK,черный,146 990,146 890,https://www.citilink.ru/product/noutbuk-acer-predator-helios-300-ph317-55-56tk-i5-11400h-16gb-ssd512gb-1612833/
Ноутбук MSI GF63 Thin 11UC-218XRU,черный,99 990,99 890,https://www.citilink.ru/product/noutbuk-msi-gf63-thin-11uc-218xru-i7-11800h-8gb-ssd512gb-rtx-3050-4gb-1612445/
Ноутбук ASUS ROG Zephyrus G14 GA401QC-K2143T,серый,149 990,149 590,https://www.citilink.ru/product/noutbuk-asus-rog-ga401qc-k2143t-ryzen-7-5800h-16gb-ssd512gb-rtx-3050-t-1611315/
Ноутбук Lenovo V15-ADA,серый,44 990,44 790,https://www.citilink.ru/product/noutbuk-lenovo-v15-ada-ryzen-3-3250u-8gb-ssd256gb-15-6-tn-hd-dos-grey-1611172/
Ноутбук Lenovo V15 Gen2 ITL,черный,42 500,41 880,https://www.citilink.ru/product/noutbuk-lenovo-v15-gen2-itl-i3-1115g4-4gb-ssd256gb-15-6-tn-fhd-noos-bl-1611121/
Ноутбук Lenovo V15 G2 ALC,черный,47 990,47 890,https://www.citilink.ru/product/noutbuk-lenovo-v15-g2-alc-ryzen-3-5300u-8gb-ssd256gb-15-6-tn-fhd-noos-1610951/
Ноутбук MSI GF63 Thin 11UD-221RU,черный,99 990,99 890,https://www.citilink.ru/product/noutbuk-msi-gf63-thin-11ud-221ru-i5-11400h-8gb-ssd512gb-rtx-3050-ti-ma-1607541/
Ноутбук MSI Stealth 15M A11UEK-276XRU,серый,129 990,129 890,https://www.citilink.ru/product/noutbuk-msi-stealth-15m-a11uek-276xru-i7-11375h-16gb-ssd512gb-rtx-3060-1607325/
Ноутбук HP 17-cp0092ur,черный,39 990,39 890,https://www.citilink.ru/product/noutbuk-hp-17-cp0092ur-3020e-4gb-ssd256gb-17-3-hd-dos3-0-black-1605355/
Ноутбук HP 15s-eq1321ur,серый,34 990,34 890,https://www.citilink.ru/product/noutbuk-hp-15s-eq1321ur-ath-sil-3050u-4gb-ssd128gb-15-6-ips-fhd-w10-gr-1605331/
Ноутбук HP 15s-eq1318ur,серый,34 990,34 890,https://www.citilink.ru/product/noutbuk-hp-15s-eq1318ur-3020e-8gb-ssd256gb-15-6-ips-fhd-w10-grey-1605330/
Ноутбук HP 15s-eq1145ur,серый,39 990,39 890,https://www.citilink.ru/product/noutbuk-hp-15s-eq1145ur-3020e-4gb-ssd256gb-15-6-ips-fhd-w10-grey-1605329/
Ноутбук HP 15s-eq1322ur,серый,33 990,33 890,https://www.citilink.ru/product/noutbuk-hp-15s-eq1322ur-3020e-8gb-ssd256gb-15-6-ips-fhd-dos3-0-grey-1605327/
Ноутбук HP 15-dw1045ur,серый,36 990,36 890,https://www.citilink.ru/product/noutbuk-hp-15-dw1045ur-pg-6405u-4gb-ssd256gb-15-6-ips-fhd-dos-grey-1605187/
Ноутбук DELL G15 5510,темно-серый,85 990,85 890,https://www.citilink.ru/product/noutbuk-dell-g15-5510-i7-10870h-8gb-ssd512gb-rtx-3050-4gb-15-6-fhd-lin-1597717/
Ноутбук Lenovo Thinkbook 15 G2 ITL,серый,67 990,67 890,https://www.citilink.ru/product/noutbuk-lenovo-thinkbook-15-g2-itl-i5-1135g7-8gb-ssd256gb-15-6-fhd-noo-1593649/
Ноутбук Lenovo Thinkbook 15 G2 ITL,серый,49 990,49 890,https://www.citilink.ru/product/noutbuk-lenovo-thinkbook-15-g2-itl-i3-1115g4-8gb-ssd256gb-15-6-fhd-noo-1593616/
Ноутбук HP 15s-eq1279ur,белый,34 990,34 890,https://www.citilink.ru/product/noutbuk-hp-15s-eq1279ur-ath-gl-3150u-4gb-ssd256gb-15-6-ips-fhd-dos-whi-1590625/
Ноутбук HP 15s-eq1155ur,серый,44 990,44 890,https://www.citilink.ru/product/noutbuk-hp-15s-eq1155ur-ath-sil-3050u-8gb-ssd256gb-15-6-ips-fhd-w10-gr-1590606/
Ноутбук HP 15s-eq1136ur,серый,29 990,29 890,https://www.citilink.ru/product/noutbuk-hp-15s-eq1136ur-ath-sil-3050u-4gb-ssd256gb-15-6-ips-fhd-dos3-0-1590599/
Ноутбук ASUS Vivobook Pro 14 OLED K3400PA-KM046W,синий,65 990,65 890,https://www.citilink.ru/product/noutbuk-asus-k3400pa-km046w-i5-11300h-8gb-ssd512gb-32gb-14-oled-wq-w11-1583782/
Ноутбук ASUS Vivobook Go 15 E510MA-EJ653W,черный,24 990,24 890,https://www.citilink.ru/product/noutbuk-asus-vivobook-e510ma-ej653w-cel-n4020-4gb-ssd128gb-15-6-tn-fhd-1583776/
Ноутбук ASUS Zenbook UX482EG-HY289T,синий,118 990,118 890,https://www.citilink.ru/product/noutbuk-asus-zenbook-ux482eg-hy289t-i5-1135g7-16gb-ssd512gb-32gb-mx450-1583537/
Ноутбук ASUS Vivobook Pro 14 K3400PA-KP110W,синий,74 990,74 890,https://www.citilink.ru/product/noutbuk-asus-k3400pa-kp110w-i5-11300h-16gb-ssd512gb-14-wqxga-w11-blue-1583435/
Ноутбук ASUS Vivobook Go 15 E510MA-BQ863W,синий,36 990,36 890,https://www.citilink.ru/product/noutbuk-asus-vivobook-e510ma-bq863w-pen-n5030-4gb-ssd256gb-15-6-ips-fh-1583410/
Ноутбук ASUS Vivobook Go 15 E510KA-EJ073,черный,26 990,26 890,https://www.citilink.ru/product/noutbuk-asus-vivobook-e510ka-ej073-cel-n4500-4gb-ssd256gb-15-6-tn-fhd-1583402/
Ноутбук ASUS Vivobook Go 14 E410MA-BV1183W,черный,22 990,22 890,https://www.citilink.ru/product/noutbuk-asus-vivobook-e410ma-bv1183w-cel-n4020-4gb-ssd128gb-14-tn-hd-w-1583399/
Ноутбук ASUS Vivobook Go 14 E410MA-BV1521W,черный,23 990,23 890,https://www.citilink.ru/product/noutbuk-asus-vivobook-e410ma-bv1521w-pen-n5030-4gb-ssd128gb-14-tn-hd-w-1583397/
Ноутбук ASUS Vivobook Go 14 E410MA-EK1437W,черный,24 990,24 890,https://www.citilink.ru/product/noutbuk-asus-vivobook-e410ma-ek1437w-pen-n5030-4gb-ssd128gb-14-tn-fhd-1583394/
Ноутбук ASUS X515JF-BR240T,серый,36 990,36 890,https://www.citilink.ru/product/noutbuk-asus-x515jf-br240t-pen-6805-4gb-ssd256gb-mx130-2gb-15-6-hd-w10-1583334/
Ноутбук ASUS Vivobook Pro 14X OLED N7400PC-KM050,серый,89 990,89 890,https://www.citilink.ru/product/noutbuk-asus-n7400pc-km050-i5-11300h-16gb-ssd512gb-rtx-3050-4gb-14-ole-1583146/
Ноутбук ASUS Vivobook 15 X515EA-BQ1461W,серый,43 990,43 890,https://www.citilink.ru/product/noutbuk-asus-x515ea-bq1461w-pg-7505-8gb-ssd256gb-15-6-ips-fhd-w11-1583072/
Ноутбук ASUS Vivobook 15 X515EA-BQ1189W,серый,49 990,49 890,https://www.citilink.ru/product/noutbuk-asus-x515ea-bq1189w-i3-1115g4-8gb-ssd256gb-15-6-ips-fhd-w11-1583070/
Ноутбук ASUS X415EA-EK945W,серый,27 990,27 890,https://www.citilink.ru/product/noutbuk-asus-x415ea-ek945w-pg-7505-4gb-ssd128gb-14-tn-fhd-w11-grey-1582995/
Ноутбук ASUS X415EA-EB936W,серый,38 990,38 890,https://www.citilink.ru/product/noutbuk-asus-x415ea-eb936w-i3-1115g4-4gb-ssd256gb-14-tn-fhd-w11-grey-1582990/
Ноутбук ASUS L210MA-GJ247T,черный,20 990,20 890,https://www.citilink.ru/product/noutbuk-asus-l210ma-gj247t-cel-n4020-4gb-ssd128gb-11-6-hd-w10-1579593/
Ноутбук ASUS L210MA-GJ246T,черный,21 990,21 890,https://www.citilink.ru/product/noutbuk-asus-l210ma-gj246t-cel-n4020-4gb-600-11-6-hd-w10-black-1579465/
Ноутбук ASUS Vivobook Go 14 E410KA-EB162T,черный,27 990,27 890,https://www.citilink.ru/product/noutbuk-asus-e410ka-eb162t-pen-n6000-4gb-ssd128gb-14-fhd-w10-black-1561880/
Ультрабук Lenovo Yoga Slim7 13ACN5,серый,95 990,95 890,https://www.citilink.ru/product/ultrabuk-lenovo-yoga-slim7-13acn5-ryzen-7-5800u-16gb-ssd512gb-13-3-qhd-1561409/
Ноутбук DELL G15 5511,серый,93 990,93 890,https://www.citilink.ru/product/noutbuk-dell-g15-5511-i5-11400h-8gb-ssd512gb-rtx-3050-ti-4gb-15-6-fhd-1560250/
Ноутбук HP Omen 17-ck0047ur,черный,259 990,259 890,https://www.citilink.ru/product/noutbuk-hp-omen-17-ck0047ur-i7-11800h-16gb-ssd1tb-rtx-3070-8gb-17-3-ip-1552197/
Ноутбук HP Aero 13-be0047ur,серебристый,79 990,79 890,https://www.citilink.ru/product/noutbuk-hp-aero-13-be0047ur-i7-5600u-8gb-ssd512gb-13-3-ips-wqxga-w10-s-1551523/
Ноутбук HP Aero 13-be0049ur,серебристый,129 990,129 890,https://www.citilink.ru/product/noutbuk-hp-aero-13-be0049ur-ryzen-7-5800u-16gb-ssd1tb-13-3-ips-wqxga-w-1551518/
Ноутбук HP Victus 16-e0089ur,синий,125 990,125 890,https://www.citilink.ru/product/noutbuk-hp-victus-16-e0089ur-ryzen-5-5600h-16gb-ssd512gb-gtx-1650-4gb-1551410/
Ноутбук HP Victus 16-d0048ur,темно-серебристый,136 990,136 890,https://www.citilink.ru/product/noutbuk-hp-victus-16-d0048ur-i5-11400-16gb-ssd512gb-rtx-3060-6gb-16-1-1551381/
Ноутбук HP Omen 15-en1026ur,темно-серебристый,119 990,119 890,https://www.citilink.ru/product/noutbuk-hp-omen-15-en1026ur-i7-5600u-16gb-ssd512gb-rtx-3060-6gb-15-6-i-1550157/
Ноутбук HP Aero 13-be0032ur,серебристый,109 990,109 890,https://www.citilink.ru/product/noutbuk-hp-aero-13-be0032ur-i7-5600u-16gb-ssd1tb-13-3-ips-wqxga-w10-si-1549997/
Ноутбук DELL Vostro 5502,серый,64 990,64 890,https://www.citilink.ru/product/noutbuk-dell-vostro-5502-i3-1115g4-4gb-ssd256gb-15-6-fhd-w10-grey-1549888/
Ноутбук-трансформер HP ProBook x360 435 G8,серебристый,89 990,89 890,https://www.citilink.ru/product/noutbuk-hp-probook-x360-435-g8-ryzen-5-5600u-8gb-ssd256gb-13-3-uwva-to-1546780/
Ультрабук Acer Swift 3 SF314-511-37M5,синий,53 990,53 890,https://www.citilink.ru/product/ultrabuk-acer-swift-3-sf314-511-37m5-i3-1115g4-8gb-ssd256gb-14-ips-fhd-1546586/
Ноутбук Lenovo Thinkbook 15 G2 ITL,серый,54 990,54 890,https://www.citilink.ru/product/noutbuk-lenovo-thinkbook-15-g2-itl-i3-1115g4-8gb-ssd256gb-15-6-ips-fhd-1536398/
Ноутбук DELL G15 5510,темно-серый,84 990,84 890,https://www.citilink.ru/product/noutbuk-dell-g15-5510-i5-10200h-8gb-ssd512gb-rtx-3050-ti-4gb-15-6-fhd-1534283/
Ноутбук Acer Extensa 15 EX215-54-775R,черный,84 990,84 890,https://www.citilink.ru/product/noutbuk-acer-extensa-15-ex215-54-775r-i7-1165g7-8gb-ssd256gb-15-6-fhd-1526673/
Ноутбук MSI Pulse GL76 11UCK-248XRU,серый,89 990,89 890,https://www.citilink.ru/product/noutbuk-msi-pulse-gl76-11uck-i5-11400h-8gb-ssd512gb-rtx-3050-4gb-17-3-1525967/
Ноутбук ASUS Vivobook Pro 16X OLED N7600PC-L2010,серебристый,149 990,149 890,https://www.citilink.ru/product/noutbuk-asus-n7600pc-l2029-i7-11370h-16gb-ssd1tb-rtx-3050-4gb-16-oled-1523027/
Ноутбук ASUS Vivobook Pro 16X OLED N7600PC-L2012W,серебристый,129 990,129 890,https://www.citilink.ru/product/noutbuk-asus-n7600pc-l2031t-i5-11300h-16gb-ssd512gb-rtx-3050-4gb-16-ol-1523026/
Ноутбук ASUS Zenbook 14X OLED UX5400EA-KN272W,серый,99 990,99 890,https://www.citilink.ru/product/noutbuk-asus-ux5400ea-l7046t-i5-1135g7-8gb-ssd512gb-14-oled-wqxga-w10-1523019/
Ноутбук MSI Pulse GL66 11UDK-417RU,серый,109 990,109 890,https://www.citilink.ru/product/noutbuk-msi-pulse-gl66-11udk-i7-11800h-8gb-ssd512gb-rtx-3050-ti-4gb-15-1523004/
Ноутбук MSI Pulse GL66 11UCK-421RU,серый,105 490,105 390,https://www.citilink.ru/product/noutbuk-msi-pulse-gl66-11uck-i7-11800h-8gb-ssd512gb-rtx-3050-4gb-15-6-1523000/
Ноутбук ASUS Vivobook Pro 14 OLED K3400PH-KM120W,синий,119 990,119 890,https://www.citilink.ru/product/noutbuk-asus-k3400ph-km014t-i7-11370h-16gb-ssd1tb-gtx-1650-4gb-14-oled-1522926/
Ноутбук MSI Pulse GL66 11UDK-418RU,серый,102 490,102 390,https://www.citilink.ru/product/noutbuk-msi-pulse-gl66-11udk-i5-11400h-8gb-ssd512gb-rtx-3050-ti-4gb-15-1522774/
Ноутбук MSI Pulse GL66 11UCK-424XRU,серый,89 990,89 890,https://www.citilink.ru/product/noutbuk-msi-pulse-gl66-11uck-i5-11400h-8gb-ssd512gb-rtx-3050-4gb-15-6-1522770/
Ноутбук MSI Pulse GL66 11UEK-211XRU,серый,139 990,139 890,https://www.citilink.ru/product/noutbuk-msi-pulse-gl66-11uek-i5-11400h-8gb-ssd512gb-rtx-3060-6gb-15-6-1522767/
Ноутбук ASUS Zenbook UX482EG-HY434W,синий,119 990,119 890,https://www.citilink.ru/product/noutbuk-asus-zenbook-ux482eg-hy225t-i5-1135g7-16gb-ssd512gb-mx450-2gb-1522580/
Ноутбук Acer Aspire 1 A115-32-P123,серебристый,30 990,30 890,https://www.citilink.ru/product/noutbuk-acer-aspire-1-a115-32-p123-pen-n6000-8gb-emmc128gb-15-6-fhd-es-1521995/
Ноутбук Acer Aspire 3 A315-56-37KC,черный,36 990,36 890,https://www.citilink.ru/product/noutbuk-acer-aspire-3-a315-56-37kc-i3-1005g1-4gb-ssd512gb-15-6-fhd-esh-1521827/
Ноутбук Acer Aspire 5 A515-45-R8Q8,черный,69 990,69 890,https://www.citilink.ru/product/noutbuk-acer-aspire-5-a515-45-r8q8-ryzen-7-5700u-8gb-ssd512gb-15-6-ips-1521515/
Ноутбук Acer Aspire 5 A515-45-R11B,черный,59 990,59 890,https://www.citilink.ru/product/noutbuk-acer-aspire-5-a515-45-r11b-ryzen-5-5500u-8gb-ssd512gb-15-6-ips-1521478/
Ноутбук Acer Aspire 5 A515-45-R1KM,черный,49 990,49 890,https://www.citilink.ru/product/noutbuk-acer-aspire-5-a515-45-r1km-ryzen-3-5300u-8gb-ssd256gb-15-6-fhd-1521476/
Ноутбук Acer Aspire 1 A114-33-P07T,серебристый,22 990,22 890,https://www.citilink.ru/product/noutbuk-acer-aspire-1-a114-33-p07t-pen-n6000-4gb-emmc128gb-14-ips-fhd-1520999/
Ноутбук HP 255 G8,серебристый,54 990,54 890,https://www.citilink.ru/product/noutbuk-hp-255-g8-i5-5300u-8gb-ssd256gb-15-6-fhd-w10pro64-1520392/
Ноутбук Digma EVE 14 C420,темно-серый,16 990,16 890,https://www.citilink.ru/product/noutbuk-digma-eve-14-celeron-hd-tn-cel-n4020-4gb-ssd128gb-500-14-ips-h-1497632/
Ноутбук-трансформер Digma EVE 11 C421Y,темно-серый,17 990,17 490,https://www.citilink.ru/product/transformer-digma-eve-yoga-11-6-kanal-cel-n4020-4gb-ssd64gb-400-11-6-i-1497619/
Ноутбук Prestigio SmartBook 133C4,серебристый,19 990,19 890,https://www.citilink.ru/product/noutbuk-prestigio-smartbook-133c4-a4-9120e-4gb-emmc64gb-r3-14-1-tn-hd-1497175/
Ноутбук ASUS X415JF-EK155T,синий,36 490,36 390,https://www.citilink.ru/product/noutbuk-asus-x415jf-bv080t-pen-6805-4gb-ssd256gb-mx130-2gb-14-tn-hd-w1-1493765/
Ноутбук ASUS Zenbook UX325EA-KG270T,серый,62 990,62 890,https://www.citilink.ru/product/noutbuk-asus-zenbook-ux325ea-kg270t-i3-1115g4-8gb-ssd256gb-13-oled-fhd-1493732/
Ноутбук Lenovo IdeaPad 1 11ADA05,серый,22 990,22 890,https://www.citilink.ru/product/noutbuk-lenovo-ideapad-1-11ada05-athlon-3020e-4gb-ssd128gb-11-6-tn-hd-1492137/
Ноутбук Lenovo IdeaPad 1 11ADA05,голубой,19 990,19 890,https://www.citilink.ru/product/noutbuk-lenovo-ideapad-1-11ada05-athlon-3020e-4gb-ssd128gb-11-6-tn-hd-1492134/
Ноутбук HP 250 G8,темно-серебристый,54 990,54 890,https://www.citilink.ru/product/noutbuk-hp-250-g8-i3-1115g4-8gb-ssd256gb-15-6-fhd-w10pro64-silver-1489901/
Ноутбук Lenovo IdeaPad 3 14ITL05,серый,31 990,31 890,https://www.citilink.ru/product/noutbuk-lenovo-ideapad-3-14itl05-cel-6305-8gb-ssd128gb-14-fhd-w10-grey-1489332/
Ноутбук Lenovo Thinkbook 15 G3 ACL,серый,55 990,55 890,https://www.citilink.ru/product/noutbuk-lenovo-thinkbook-15-g3-acl-ryzen-3-5300u-8gb-ssd256gb-15-6-fhd-1487970/
Ноутбук Lenovo IdeaPad L3 15ITL6,серый,48 990,48 890,https://www.citilink.ru/product/noutbuk-lenovo-ideapad-l3-15itl6-i3-1115g4-4gb-ssd256gb-15-6-fhd-w10-g-1487351/
Ноутбук Lenovo IdeaPad L3 15ITL6,серый,38 990,38 890,https://www.citilink.ru/product/noutbuk-lenovo-ideapad-l3-15itl6-pg-7505-4gb-ssd256gb-15-6-fhd-w10-gre-1487341/
Ноутбук Lenovo IdeaPad L3 15ITL6,серый,32 990,32 890,https://www.citilink.ru/product/noutbuk-lenovo-ideapad-l3-15itl6-pg-7505-4gb-ssd256gb-15-6-fhd-noos-gr-1487338/
Ноутбук Lenovo IdeaPad L3 15ITL6,серый,33 990,33 890,https://www.citilink.ru/product/noutbuk-lenovo-ideapad-l3-15itl6-cel-6305-4gb-ssd256gb-15-6-fhd-noos-g-1487335/
Ноутбук Lenovo IdeaPad L3 15ITL6,серый,47 990,47 790,https://www.citilink.ru/product/noutbuk-lenovo-ideapad-l3-15itl6-pg-7505-8gb-ssd512gb-15-6-fhd-w10-gre-1486680/
Ноутбук Lenovo IdeaPad L3 15ITL6,серый,33 990,33 890,https://www.citilink.ru/product/noutbuk-lenovo-ideapad-l3-15itl6-cel-6305-8gb-ssd256gb-15-6-fhd-noos-g-1486677/
Ноутбук Lenovo IdeaPad L3 15ITL6,серый,58 990,58 890,https://www.citilink.ru/product/noutbuk-lenovo-ideapad-l3-15itl6-i5-1135g7-8gb-ssd256gb-15-6-fhd-w10-g-1486673/
Ноутбук Lenovo IdeaPad L3 15ITL6,серый,48 990,48 890,https://www.citilink.ru/product/noutbuk-lenovo-ideapad-l3-15itl6-i3-1115g4-8gb-ssd256gb-15-6-fhd-w10-g-1486672/
Ноутбук HP Pavilion 14-dv0050ur,белый,55 990,55 890,https://www.citilink.ru/product/noutbuk-hp-pavilion-14-dv0050ur-i3-1125g4-4gb-ssd128gb-14-ips-fhd-w10-1480886/
Ноутбук HP Pavilion 14-dv0052ur,белый,59 990,59 890,https://www.citilink.ru/product/noutbuk-hp-pavilion-14-dv0052ur-i3-1125g4-8gb-ssd256gb-14-ips-fhd-w10-1480882/
Ноутбук Lenovo V15 G2 ITL,черный,59 990,59 890,https://www.citilink.ru/product/noutbuk-lenovo-v15-gen2-itl-i5-1135g7-8gb-ssd256gb-15-6-tn-fhd-noos-bl-1479906/
Ноутбук Lenovo V14 GEN2 ALC,черный,39 990,39 890,https://www.citilink.ru/product/noutbuk-lenovo-v14-gen2-alc-ryzen-3-5300u-8gb-ssd256gb-14-tn-fhd-noos-1479879/
Ноутбук Lenovo V15-IGL,серый,42 990,42 890,https://www.citilink.ru/product/noutbuk-lenovo-v15-igl-pen-n5030-8gb-1tb-ssd128gb-15-6-tn-fhd-noos-gre-1479864/
Ноутбук DELL Vostro 3400,черный,39 990,39 890,https://www.citilink.ru/product/noutbuk-dell-vostro-3400-i3-1115g4-4gb-1tb-ssd256gb-14-fhd-w10-black-1478963/
Ноутбук HP 250 G8,темно-серебристый,25 990,25 890,https://www.citilink.ru/product/noutbuk-hp-250-g8-cel-n4020-4gb-ssd128gb-15-6-sva-hd-w10pro-1478503/
Ноутбук HP 255 G8,темно-серебристый,55 990,55 890,https://www.citilink.ru/product/noutbuk-hp-255-g8-15-6-amd-ryzen-5-3500u-8gb-256gb-ssd-windows-10-prof-1477047/
Ноутбук-трансформер Lenovo ThinkPad X1 Titanium G1 T,серый,159 990,159 890,https://www.citilink.ru/product/noutbuk-lenovo-thinkpad-x1-titanium-g1-t-13-5-intel-core-i5-1130g7-16g-1476874/
Ноутбук Lenovo V15-ITL,черный,45 990,45 890,https://www.citilink.ru/product/noutbuk-lenovo-v15-itl-15-6-intel-core-i3-1115g4-8gb-256gb-ssd-intel-u-1476713/
Ноутбук Lenovo V15-ITL,черный,42 990,42 890,https://www.citilink.ru/product/noutbuk-lenovo-v15-itl-15-6-intel-core-i3-1115g4-4gb-128gb-ssd-intel-u-1476711/
Ноутбук HP 14s-fq0088ur,черный,33 990,33 890,https://www.citilink.ru/product/noutbuk-hp-14s-fq0088ur-ath-gl-3150u-4gb-ssd256gb-14-ips-fhd-w10-black-1473916/
Ноутбук HP 14s-fq0099ur,черный,24 990,24 890,https://www.citilink.ru/product/noutbuk-hp-14s-fq0099ur-athlon-3020e-4gb-ssd128gb-14-ips-fhd-w10-black-1473246/
Ноутбук Acer TravelMate P2 TMP215-52-30CQ,черный,49 990,49 890,https://www.citilink.ru/product/noutbuk-acer-travelmate-p2-tmp215-52-30cq-15-6-ips-intel-core-i3-10110-1469247/
Ноутбук ASUS Pro P1440FA-FQ2924,серый,33 990,33 890,https://www.citilink.ru/product/noutbuk-asus-pro-p1440fa-fq2924-14-intel-core-i3-10110u-4gb-1000gb-ssd-1464446/
Ноутбук ASUS Pro P1440FA-FQ2924T,серый,33 990,33 890,https://www.citilink.ru/product/noutbuk-asus-pro-p1440fa-fq2924t-14-intel-core-i3-10110u-4gb-1000gb-ss-1462946/
Ноутбук Lenovo IdeaPad 5 Pro 14ACN6,серый,99 990,99 690,https://www.citilink.ru/product/noutbuk-lenovo-ideapad-5-pro-14acn6-14-ips-amd-ryzen-5-5600u-16gb-1tb-1458401/
Ноутбук ASUS Vivobook Go 14 E410MA-BV610T,черный,28 990,28 890,https://www.citilink.ru/product/noutbuk-asus-vivobook-e410ma-bv610t-14-intel-pentium-silver-n5030-4gb-1455139/
Ноутбук ASUS Vivobook Go 14 E410MA-EB023T,синий,27 990,27 890,https://www.citilink.ru/product/noutbuk-asus-vivobook-e410ma-eb023t-14-intel-pentium-silver-n5030-4gb-1455127/
Ноутбук ASUS Zenbook UX325EA-KG250T,светло-фиолетовый,75 990,75 890,https://www.citilink.ru/product/noutbuk-asus-vivobook-ux325ea-kg250t-13-intel-core-i5-1135g7-8gb-512gb-1454749/
Ноутбук HP 255 G8,темно-серебристый,28 990,28 890,https://www.citilink.ru/product/noutbuk-hp-255-g8-15-6-amd-athlon-3020e-4gb-256gb-ssd-windows-10-profe-1453931/
Ноутбук ASUS VivoBook X415JA-EK220T,синий,49 990,49 890,https://www.citilink.ru/product/noutbuk-asus-vivobook-x415ja-ek220t-14-intel-core-i5-1035g1-1-0ggc-8gb-1453242/
Ноутбук DELL Vostro 3401,черный,39 990,39 890,https://www.citilink.ru/product/noutbuk-dell-vostro-3401-14-intel-core-i3-1005g1-8gb-1000gb-intel-uhd-1452112/
Ноутбук Apple MacBook Pro,серебристый,229 990,229 890,https://www.citilink.ru/product/noutbuk-apple-macbook-pro-13-3-ips-apple-m1-16gb-512gb-ssd-mac-os-z11f-1451580/
Ноутбук Apple MacBook Pro,серебристый,199 990,199 890,https://www.citilink.ru/product/noutbuk-apple-macbook-pro-13-3-ips-apple-m1-8gb-2tb-ssd-mac-os-z11f000-1451577/
Ноутбук Apple MacBook Pro,серый космос,159 990,159 890,https://www.citilink.ru/product/noutbuk-apple-macbook-pro-13-3-ips-apple-m1-8gb-1tb-ssd-mac-os-z11c000-1451575/
Ноутбук Apple MacBook Pro,серый космос,249 990,249 890,https://www.citilink.ru/product/noutbuk-apple-macbook-pro-13-3-ips-apple-m1-16gb-256gb-ssd-mac-os-z11b-1451570/
Ноутбук Apple MacBook Air,золотой,168 990,168 890,https://www.citilink.ru/product/noutbuk-apple-macbook-air-13-3-ips-apple-m1-8gb-2tb-ssd-mac-os-z12a000-1451556/
Ноутбук Apple MacBook Air,серебристый,159 990,159 890,https://www.citilink.ru/product/noutbuk-apple-macbook-air-13-3-ips-apple-m1-8gb-2tb-ssd-mac-os-z127000-1451530/
Ноутбук Apple MacBook Air,серый космос,169 990,169 890,https://www.citilink.ru/product/noutbuk-apple-macbook-air-13-3-ips-apple-m1-8gb-512gb-ssd-mac-os-z1240-1451527/
Ноутбук Apple MacBook Air,серый космос,189 990,189 890,https://www.citilink.ru/product/noutbuk-apple-macbook-air-13-3-ips-apple-m1-16gb-512gb-ssd-mac-os-z124-1451521/
Ноутбук Apple MacBook Pro,серый космос,289 990,289 890,https://www.citilink.ru/product/noutbuk-apple-macbook-pro-13-3-ips-apple-m1-16gb-512gb-ssd-mac-os-z11c-1450580/
Ноутбук HP Pavilion 15-eg0050ur,синий,85 990,85 890,https://www.citilink.ru/product/noutbuk-hp-pavilion-15-eg0050ur-15-6-ips-intel-core-i3-1115g4-8gb-512g-1442218/
Ноутбук Acer Aspire 1 A114-21-R845,черный,21 990,21 890,https://www.citilink.ru/product/noutbuk-acer-aspire-1-a114-21-r845-14-amd-athlon-silver-3050u-4gb-64gb-1439603/
Ноутбук Acer Aspire 1 A114-21-R0DM,черный,25 990,25 890,https://www.citilink.ru/product/noutbuk-acer-aspire-1-a114-21-r0dm-14-amd-athlon-silver-3050u-4gb-128g-1439599/
Ноутбук Acer Aspire 1 A114-33-P8G2,серебристый,22 990,22 890,https://www.citilink.ru/product/noutbuk-acer-aspire-1-a114-33-p8g2-14-intel-pentium-silver-n6000-4gb-1-1439564/
Ноутбук Acer Aspire 3 A315-35-C6YK,серебристый,25 990,25 890,https://www.citilink.ru/product/noutbuk-acer-aspire-3-a315-35-c6yk-15-6-intel-celeron-n4500-4gb-128gb-1438366/
Ноутбук Acer Aspire 3 A314-22-R84Y,черный,26 990,26 890,https://www.citilink.ru/product/noutbuk-acer-aspire-3-a314-22-r84y-14-amd-athlon-silver-3050u-4gb-500g-1437999/
Ноутбук Lenovo IdeaPad 5 14ITL05,синий,78 990,78 890,https://www.citilink.ru/product/noutbuk-lenovo-ideapad-ip5-14itl05-14-ips-intel-core-i7-1165g7-16gb-51-1427250/
Ноутбук HP 14s-fq0027ur,белый,39 990,39 890,https://www.citilink.ru/product/noutbuk-hp-14s-fq0027ur-ryzen-3-3250u-8gb-ssd256gb-14-ips-fhd-dos3-0-w-1410924/
Ноутбук Acer Aspire 3 A315-56-3126,черный,49 990,49 890,https://www.citilink.ru/product/noutbuk-acer-aspire-3-a315-56-3126-i3-1005g1-8gb-1tb-ssd256gb-15-6-fhd-1404248/
Ноутбук Acer Aspire 3 A315-23-R8WC,черный,38 990,38 890,https://www.citilink.ru/product/noutbuk-acer-aspire-3-a315-23-r8wc-ryzen-5-3500u-4gb-ssd256gb-15-6-fhd-1404156/
Ноутбук Acer Extensa 15 EX215-22-R21J,черный,47 990,47 890,https://www.citilink.ru/product/noutbuk-acer-extensa-15-ex215-22-r21j-15-6-amd-ryzen-3-3250u-8gb-256gb-1396341/
Ноутбук Acer Extensa 15 EX215-52-37SE,черный,40 990,40 790,https://www.citilink.ru/product/noutbuk-acer-extensa-15-ex215-52-37se-15-6-intel-core-i3-1005g1-4gb-50-1395953/
Ноутбук Acer Extensa 15 EX215-31-C1JG,черный,24 990,24 890,https://www.citilink.ru/product/noutbuk-acer-extensa-15-ex215-31-c1jg-15-6-intel-celeron-n4020-4gb-128-1395905/
Ноутбук Apple MacBook Air,серебристый,199 990,199 890,https://www.citilink.ru/product/noutbuk-apple-macbook-air-z0x9000k7-i5-1030ng7-8gb-ssd1000gb-13-3-mac-1390378/
Ноутбук Acer Aspire 3 A315-23-R9GN,черный,51 990,51 890,https://www.citilink.ru/product/noutbuk-acer-aspire-3-a315-23-r9gn-ryzen-5-3500u-8gb-ssd512gb-15-6-fhd-1378512/
Ноутбук Acer Aspire 3 A315-23-R9P7,черный,44 990,44 890,https://www.citilink.ru/product/noutbuk-acer-aspire-3-a315-23-r9p7-ryzen-3-3250u-8gb-ssd512gb-15-6-fhd-1378498/
Ноутбук Lenovo V15-ADA,серый,65 890,65 790,https://www.citilink.ru/product/noutbuk-lenovo-v15-ada-ryzen-5-3500u-8gb-ssd256gb-620-15-6-tn-fhd-wpro-1373807/
Ноутбук Apple MacBook Air,золотистый,169 390,159 650,https://www.citilink.ru/product/noutbuk-apple-macbook-air-mvh52ru-a-i5-10210u-8gb-ssd128gb-6000-13-3-w-1369195/
Ноутбук Lenovo IdeaPad L340-15API,черный,29 990,29 890,https://www.citilink.ru/product/noutbuk-lenovo-ideapad-l340-15api-15-6-amd-athlon-300u-2-4ggc-8gb-128g-1205237/
Ноутбук Acer Aspire 3 A315-56-56CG,черный,42 990,42 890,https://www.citilink.ru/product/noutbuk-acer-aspire-3-a315-56-56cg-15-6-intel-core-i5-1035g1-1ggc-8gb-1194681/
